player,fantpos,espn_rank,draft_year,height,weight,armlength,handsize,forty,ten_split,bench,vertical,broad,shuttle,cone,clust
Ezekiel Elliott,RB,93,2000,72,228,31.25,10.25,4.47,1.58,18,32.5,118,4.18,6.84,10
Calvin Johnson,WR,99,2000,77,237,36,9.75,4.35,1.52,19,42.5,139,4.07,6.66,10
Larry Fitzgerald,WR,99,2000,75,218,32.751,9.718,4.53,1.59,17,34.89,121,4.23,6.93,10
Patrick Mahomes,QB,85,2000,75,230,33.25,9.25,4.8,1.65,18,30,114,4.08,6.88,10
Deshaun Watson,QB,88,2000,74,215,33,9.75,4.66,1.6,17,32.5,119,4.31,6.95,10
Russell Wilson,QB,69,2000,71,215,31,10.25,4.55,1.59,17,34,118,4.09,6.97,10
Travis Kelce,TE,80,2000,77,260,33.624,9.978,4.66,1.66,20,35,124,4.47,7.14,10
Christian McCaffrey,RB,92,2000,71,205,30,9,4.48,1.55,10,37,121,4.22,6.57,10
Julio Jones,WR,95,2000,75,220,33.75,9.75,4.34,1.5,17,38.5,135,4.25,6.66,10
Michael Thomas,WR,86,2000,75,212,32.125,10.5,4.6,1.62,18,33,126,4.13,6.8,10
George Kittle,TE,68,2000,76,250,33.125,9.25,4.52,1.59,18,36.75,132,4.12,6.81,10
DeAndre Hopkins,WR,86,2000,73,212,33.375,10,4.6,1.66,15,36,115,4.5,6.88,10
Jimmy Graham,TE,71,2000,79,265,35,10.625,4.56,1.58,15,38.5,120,4.45,6.9,10
Mike Evans,WR,94,2000,77,231,35.125,9.625,4.53,1.6,12,37,128,4.26,7.08,10
Zach Ertz,TE,88,2000,77,250,31.625,9.625,4.74,1.69,24,33,113,4.47,7.08,10
Alvin Kamara,RB,86,2000,70,215,32.75,9.25,4.53,1.55,15,39.5,131,4.4,7.15,10
Rob Gronkowski,TE,85,2000,78,268,34.25,10.75,4.73,1.63,23,33.5,119,4.52,7.23,10
Saquon Barkley,RB,97,2000,72,233,31.375,9.5,4.4,1.54,29,41,142,4.24,6.94,10
Leonard Fournette,RB,93,2000,72,228,31.625,9.25,4.51,1.59,18,28.5,99,4.22,6.9,9
Andrew Luck,QB,99,2000,76,240,32.625,10,4.67,1.65,19,36,124,4.28,6.8,9
Josh Allen,QB,92,2000,77,237,33.25,10.125,4.75,1.59,19,33.5,119,4.48,6.9,9
Cam Newton,QB,93,2000,77,245,33.75,9.875,4.6,1.6,19,35,126,4.18,6.92,9
Adrian Peterson,RB,98,2000,73,220,32.25,10,4.41,1.57,17,38.5,127,4.4,7.09,9
Aaron Rodgers,QB,99,2000,74,225,32.314,9.589,4.77,1.7,18,34.5,110,4.37,7.28,9
Jordan Reed,TE,69,2000,74,245,33,10,4.72,1.66,16,36.78,127,4.41,7.22,9
Evan Engram,TE,90,2000,75,240,33.5,10,4.42,1.56,19,36,125,4.23,6.92,9
Melvin Gordon,RB,90,2000,73,215,32.375,9.75,4.52,1.62,19,35,126,4.07,7.04,9
Greg Olsen,TE,93,2000,77,255,32.625,10.25,4.55,1.62,23,36.5,117,4.47,7.04,9
Dez Bryant,WR,94,2000,74,220,32.314,9.589,4.57,1.58,14,38,133,4.51,7.15,9
Dalvin Cook,RB,90,2000,70,210,32.375,9.25,4.53,1.62,22,30.5,116,4.53,7.27,9
Mark Andrews,TE,75,2000,77,256,32.5,9.5,4.67,1.54,17,31,113,4.38,7.34,9
Jarvis Landry,WR,84,2000,71,196,31.75,10.25,4.72,1.68,12,30,112,4.64,7.61,9
Cooper Kupp,WR,79,2000,74,208,31.5,9.5,4.64,1.62,16,30.25,116,4.13,6.67,8
Amari Cooper,WR,94,2000,73,210,31.5,10,4.42,1.61,16,33.5,120,3.98,6.71,8
Jamaal Charles,RB,86,2000,71,199,31.004,9.2,4.38,1.53,16,30.5,122,4.22,6.8,8
Carson Wentz,QB,91,2000,77,237,33.25,10,4.77,1.65,19,30.5,118,4.15,6.86,8
DeSean Jackson,WR,90,2000,70,175,30.568,9.07,4.35,1.55,14,34.5,121,4.24,6.87,8
Frank Gore,RB,73,2000,69,212,30.5,10.125,4.63,1.62,17,34,109,4.16,6.96,8
Matthew Stafford,QB,96,2000,75,220,30.75,10,4.81,1.72,17,30.5,107,4.47,7.06,8
Dak Prescott,QB,48,2000,74,235,32.25,10.875,4.79,1.66,18,32.5,116,4.32,7.11,8
Jameis Winston,QB,97,2000,76,231,32,9.375,4.97,1.74,18,28.5,103,4.36,7.16,8
Matt Ryan,QB,98,2000,76,217,33.188,9.5,4.95,1.67,17,35.04,121,4.51,7.4,8
A.J. Brown,WR,85,2000,72,226,32.875,9.75,4.49,1.57,19,36.5,120,4.2,6.87,8
Brandin Cooks,WR,91,2000,70,183,30.75,9.625,4.33,1.54,16,36,120,3.81,6.76,8
Aaron Jones,RB,36,2000,69,208,32.5,9.5,4.56,1.6,16,37,127,4.2,6.82,8
David Johnson,RB,69,2000,73,224,31.878,9.459,4.5,1.57,25,41.5,127,4.27,6.82,8
Davante Adams,WR,85,2000,73,215,32.625,9,4.56,1.65,14,38.25,125,4.3,6.82,8
LeSean McCoy,RB,88,2000,71,210,31,9.375,4.55,1.57,17,29,107,4.23,6.87,8
JuJu Smith-Schuster,WR,83,2000,73,215,32.875,10.5,4.54,1.55,15,33,122,4.24,6.98,8
Austin Hooper,TE,79,2000,76,254,33.75,10.625,4.74,1.65,19,33,117,4.32,7,8
Chris Godwin,WR,72,2000,73,209,31.625,9.125,4.42,1.54,19,36,126,4,7.01,8
Terry McLaurin,WR,81,2000,72,208,31.5,9.125,4.35,1.52,18,37.5,125,4.15,7.01,8
Stefon Diggs,WR,68,2000,72,191,31.25,10,4.46,1.53,11,35,115,4.24,7.03,8
Nick Chubb,RB,86,2000,71,227,32,9.625,4.52,1.62,29,38.5,128,4.25,7.09,8
Marshawn Lynch,RB,93,2000,71,215,31.004,9.2,4.52,1.6,20,35.5,125,4.58,7.09,8
Joe Mixon,RB,84,2000,73,220,31.878,9.459,4.5,1.56,21,35,118,4.32,7.15,8
Derrick Henry,RB,81,2000,75,247,33,8.75,4.54,1.6,22,37,128,4.38,7.2,8
Hunter Henry,TE,89,2000,77,250,32.75,9.25,4.73,1.65,17,31.5,113,4.46,7.21,8
Kareem Hunt,RB,74,2000,71,216,31.375,9.625,4.64,1.61,18,36.5,119,4.58,7.27,8
Kyle Rudolph,TE,89,2000,78,265,33,9.625,4.88,1.72,19,34.5,113,4.42,7.29,8
Eric Ebron,TE,92,2000,76,253,33.25,10,4.6,1.63,24,32,120,4.5,7.54,8
Alshon Jeffery,WR,83,2000,75,218,33,10.25,4.53,1.69,17,36.5,122,4.22,6.76,7
Andy Dalton,QB,86,2000,74,220,31.75,9.5,4.93,1.77,17,29.5,106,4.27,6.93,7
Baker Mayfield,QB,91,2000,73,215,30.25,9.25,4.84,1.72,17,29,111,4.28,7,7
Brandon Marshall,WR,70,2000,77,232,33.75,10.375,4.56,1.6,18,37,120,4.36,7.01,7
Jordy Nelson,WR,86,2000,75,217,34.125,10.125,4.51,1.57,17,31,123,4.35,7.03,7
Kirk Cousins,QB,83,2000,75,202,31.75,9.875,4.93,1.71,16,28.5,109,4.5,7.05,7
Zach Miller,TE,85,2000,77,245,31.75,9,4.58,1.6,19,37.5,124,4.27,7.11,7
Jeremy Maclin,WR,95,2000,72,198,33.5,10.125,4.48,1.61,16,35.5,120,4.3,7.11,7
Jared Goff,QB,91,2000,76,222,32.75,9,4.82,1.66,17,27,110,4.47,7.17,7
Derek Carr,QB,68,2000,75,215,31.5,9.125,4.69,1.64,17,34.5,110,4.2,6.88,7
Calvin Ridley,WR,90,2000,73,190,31.625,9.125,4.43,1.55,15,31,110,4.41,6.88,7
Miles Sanders,RB,85,2000,71,211,30.625,9.25,4.49,1.53,20,36,124,4.19,6.89,7
Tyler Eifert,TE,93,2000,78,255,33.125,9.125,4.68,1.65,22,35.5,119,4.32,6.92,7
Kenny Golladay,WR,50,2000,76,213,32,9.75,4.5,1.58,18,35.5,120,4.15,7,7
Vernon Davis,TE,97,2000,75,244,32.751,9.718,4.4,1.52,33,42,128,4.17,7,7
Sterling Shepard,WR,79,2000,70,203,30.375,9.75,4.48,1.55,20,41,123,4.35,7,7
Deebo Samuel,WR,86,2000,71,214,31.375,10,4.48,1.57,15,39,122,4.14,7.03,7
Kerryon Johnson,RB,75,2000,71,206,32.5,9.75,4.57,1.68,11,40,126,4.29,7.07,7
Coby Fleener,TE,89,2000,78,251,33.375,10,4.56,1.61,27,37,116,4.35,7.07,7
Will Dissly,TE,59,2000,76,265,33.25,9.75,4.87,1.71,18,29.5,111,4.4,7.07,7
Devonta Freeman,RB,71,2000,68,206,29.375,9.625,4.58,1.66,14,31.75,117,4.26,7.11,7
Mark Ingram,RB,92,2000,69,215,30.75,9.5,4.62,1.61,21,31.5,113,4.62,7.13,7
Jordan Howard,RB,71,2000,72,224,32.25,9,4.62,1.69,16,34,122,4.39,7.19,7
James Conner,RB,68,2000,73,233,31.25,9.875,4.65,1.63,20,29,113,4.45,7.19,7
Jared Cook,TE,83,2000,77,254,33,10.25,4.5,1.6,23,41,123,4.61,7.3,7
Devin Singletary,RB,65,2000,67,203,28.875,8.5,4.66,1.53,15,35,117,4.4,7.32,7
Ben Watson,TE,89,2000,75,251,32.751,9.718,4.53,1.61,34,35.5,123,4.15,7.39,7
Martellus Bennett,TE,80,2000,78,275,34.061,10.107,4.68,1.53,18,34,118,4.53,7.64,7
Daniel Jones,QB,80,2000,77,221,32.5,9.75,4.81,1.68,0,33.5,120,4.41,0,7
Eddie Lacy,RB,88,2000,71,250,31,9.5,4.69,1.7,20,33.5,116,4.38,7.38,6
Allen Robinson,WR,78,2000,75,211,32,9.5,4.56,1.59,17,40.5,129,4,6.8,6
Joe Flacco,QB,89,2000,78,245,34.061,9.625,4.86,1.71,19,28.5,110,4.27,6.82,6
Colin Kaepernick,QB,81,2000,76,230,33.5,9.125,4.63,1.63,18,32.5,115,4.18,6.85,6
Marcus Mariota,QB,93,2000,76,222,32,9.875,4.52,1.57,17,36,121,4.11,6.87,6
Mitchell Trubisky,QB,89,2000,75,222,32,9.5,4.67,1.62,17,27.5,116,4.25,6.87,6
Tyler Lockett,WR,82,2000,70,182,30,8.375,4.4,1.55,14,35.5,121,4.07,6.89,6
Sam Darnold,QB,94,2000,75,225,31,9.375,4.85,1.67,18,26.5,105,4.4,6.96,6
Ryan Fitzpatrick,QB,64,2000,74,223,33.875,9.875,4.87,1.71,17,30.5,105,4.07,7.09,6
Kyle Allen,QB,50,2000,75,210,29.625,9.375,4.76,1.76,16,28.5,113,4.31,7.06,6
Courtland Sutton,WR,84,2000,76,216,32.375,9.75,4.54,1.52,18,35.25,125,4.24,6.57,6
Tarik Cohen,RB,43,2000,66,181,29.75,10.125,4.42,1.54,11,31.5,118,4.13,6.76,6
Marlon Mack,RB,61,2000,72,210,32,9,4.5,1.55,15,35.5,125,4.21,6.89,6
Derrius Guice,RB,86,2000,71,225,30.75,9,4.49,1.55,15,31.5,109,4.2,6.87,6
Emmanuel Sanders,WR,72,2000,71,180,34,8.75,4.4,1.49,12,39.25,126,4.1,6.64,6
Doug Martin,RB,90,2000,69,223,30.5,9,4.55,1.64,28,36,120,4.16,6.79,6
Marvin Jones,WR,67,2000,74,198,33.125,10,4.46,1.51,22,33,112,4.11,6.81,6
Noah Fant,TE,90,2000,76,249,33.5,9.75,4.5,1.58,20,39.5,127,4.22,6.81,6
Will Fuller,WR,90,2000,72,184,30.75,8.25,4.32,1.51,10,33.5,126,4.27,6.93,6
Sammy Watkins,WR,96,2000,73,211,32,9.625,4.43,1.55,16,34,126,4.34,6.95,6
Darren Sproles,RB,71,2000,66,190,30.375,9.625,4.46,1.52,23,33,105,3.96,6.96,6
David Njoku,TE,91,2000,76,246,35.25,10,4.66,1.62,21,38.75,132,4.43,6.97,6
Darius Slayton,WR,70,2000,73,190,32.75,10,4.39,1.54,11,40.5,135,4.15,7,6
T.J. Hockenson,TE,92,2000,77,251,32.25,9.5,4.7,1.65,17,37.5,123,4.18,7.02,6
James White,RB,38,2000,70,205,29.25,8.25,4.57,1.6,23,32,114,4.2,7.05,6
Randall Cobb,WR,84,2000,70,192,31,9.375,4.55,1.6,16,33.5,115,4.34,7.08,6
Kaden Smith,TE,61,2000,77,255,32.25,9.625,4.92,1.72,15,32,108,4.47,7.08,6
Christian Kirk,WR,85,2000,71,200,30.375,9.875,4.47,1.54,20,35.5,115,4.45,7.09,6
Jay Cutler,QB,96,2000,75,231,32.751,9.718,4.82,1.62,23,35.91,124,4.31,7.12,6
Golden Tate,WR,84,2000,70,197,30.5,9.25,4.42,1.54,17,35,120,4.34,7.12,6
Robert Woods,WR,88,2000,72,195,31,9.25,4.51,1.62,14,33.5,117,4.44,7.15,6
Karlos Williams,RB,47,2000,73,230,33,9.75,4.48,1.6,16,33.5,117,4.46,7.16,6
Sony Michel,RB,87,2000,71,215,31.25,9.125,4.54,1.56,22,33.71,117,4.21,6.89,6
Drew Lock,QB,89,2000,76,228,32.5,9,4.69,1.64,0,31,112,4.12,0,6
Tyrod Taylor,QB,60,2000,73,217,32.25,10,4.52,1.56,17,37.5,126,4.09,6.78,5
Lamar Miller,RB,83,2000,70,221,31.375,9.25,4.4,1.53,17,34.25,120,4.13,6.99,5
Brandon Allen,QB,69,2000,74,209,31.25,8.875,4.84,1.71,16,28,110,4.33,7.06,5
Blake Bortles,QB,91,2000,77,236,32.875,9.375,4.93,1.75,19,32.5,115,4.21,7.08,5
Teddy Bridgewater,QB,89,2000,74,215,33,9.25,4.82,1.66,17,30,113,4.2,7.17,5
Jacoby Brissett,QB,68,2000,76,235,32.25,9.75,4.94,1.79,18,31,113,4.53,7.17,5
Jeff Driskel,QB,49,2000,76,233,33.5,9.75,4.56,1.65,18,32,122,4.25,7.19,5
Nick Foles,QB,84,2000,78,243,34.25,10.625,5.09,1.81,19,32,110,4.73,7.19,5
Mason Rudolph,QB,79,2000,77,235,32.375,9.125,4.9,1.71,18,27.25,107,4.61,7.55,5
Carlos Hyde,RB,88,2000,72,229,32,9.625,4.66,1.69,19,34.5,114,4.36,7.13,5
DeVante Parker,WR,92,2000,75,216,33.25,9.25,4.45,1.51,17,36.5,125,4.16,6.81,5
Tevin Coleman,RB,78,2000,73,210,32,8.625,4.45,1.57,22,33.78,117,4.16,6.81,5
Mike Gesicki,TE,83,2000,78,245,34.125,10.25,4.54,1.56,22,41,129,4.1,6.76,5
Hunter Renfrow,WR,39,2000,70,184,29.125,7.875,4.59,1.61,7,35,116,4.19,6.8,5
Mike Wallace,WR,58,2000,72,200,31.441,9.33,4.33,1.56,14,40,129,4.27,6.9,5
Tyler Boyd,WR,84,2000,74,203,32,9.75,4.58,1.59,11,34,119,4.35,6.9,5
Giovani Bernard,RB,73,2000,69,205,28,9.375,4.53,1.56,19,33.5,122,4.12,6.91,5
Duke Johnson,RB,78,2000,69,210,30.375,9.25,4.55,1.62,18,34.25,121,4.21,6.93,5
Gerald Everett,TE,73,2000,75,240,33,8.5,4.6,1.61,22,37.5,126,4.33,6.99,5
Kenyan Drake,RB,70,2000,73,211,31.75,9.75,4.45,1.64,10,34.5,123,4.21,7.04,5
Michael Gallup,WR,69,2000,73,205,31.5,9.25,4.51,1.61,10,36,125,4.47,7.05,5
Jermaine Gresham,TE,92,2000,77,260,34.75,9.625,4.72,1.63,20,35,113,4.53,7.07,5
Jamison Crowder,WR,64,2000,69,177,30.375,8.75,4.54,1.66,10,37,119,4.32,7.11,5
Dwayne Allen,TE,83,2000,75,265,33,9.625,4.89,1.73,27,32,110,4.37,7.12,5
Foster Moreau,TE,64,2000,76,253,33.5,9.625,4.66,1.63,22,36.5,121,4.11,7.16,5
Marcedes Lewis,TE,89,2000,78,267,34.061,10.107,4.84,1.67,23,37,118,4.71,7.24,5
Dede Westbrook,WR,52,2000,72,178,30.625,9,4.44,1.59,8,34.5,120,4.39,7.25,5
Blake Jarwin,TE,38,2000,77,260,34,10,4.78,1.63,21,34.5,121,4.44,7.49,5
Andre Ellington,RB,77,2000,69,200,31,9.375,4.61,1.57,16,34,122,4.31,7.05,4
Geno Smith,QB,89,2000,75,221,32.5,9.25,4.59,1.62,17,33.5,124,4.29,7.02,4
Blaine Gabbert,QB,96,2000,76,235,33,10,4.66,1.62,18,33.5,120,4.26,6.84,4
Jimmy Garoppolo,QB,82,2000,74,225,31,9.25,4.97,1.78,18,30.5,110,4.26,7.04,4
Mark Sanchez,QB,95,2000,74,225,32.875,10.5,5,1.77,18,32.5,116,4.21,7.06,4
EJ Manuel,QB,76,2000,76,237,33.188,9.848,4.65,1.67,19,34,118,4.21,7.08,4
Trey Burton,TE,39,2000,75,235,31,9.375,4.62,1.62,18,31.5,113,4.34,7.1,4
Paxton Lynch,QB,85,2000,79,244,34.25,10.25,4.86,1.69,19,36,118,4.26,7.14,4
Ian Thomas,TE,71,2000,76,260,32.5,10,4.74,1.63,20,36,123,4.2,7.15,4
Mike Glennon,QB,77,2000,78,225,33.125,9.625,4.94,1.74,18,26.5,102,4.52,7.49,4
Matt Schaub,QB,80,2000,78,245,31.75,10.375,5.06,1.77,19,30.5,110,4.62,7.65,4
Matt Barkley,QB,87,2000,74,234,30.625,10,4.95,1.8,18,35.91,124,4.63,7.58,4
David Montgomery,RB,75,2000,70,222,31.375,9.25,4.63,1.62,15,28.5,121,4.33,7.09,4
Dwayne Haskins,QB,90,2000,75,231,33.25,9.625,5.04,1.76,0,28.5,99,4.71,0,4
Jerick McKinnon,RB,51,2000,69,205,30.25,8.625,4.41,1.55,32,40.5,132,4.12,6.83,4
Mohamed Sanu,WR,68,2000,74,240,33.5,10.125,4.63,1.64,19,36,126,4.24,6.88,4
John Brown,WR,59,2000,71,178,30.5,8.5,4.34,1.56,8,36.5,119,4.12,6.91,4
Kendall Wright,WR,89,2000,70,185,30.5,8.625,4.54,1.64,4,38.5,121,4.18,6.93,4
Lance Kendricks,TE,81,2000,75,250,32,9.625,4.69,1.65,25,36.5,122,4.15,6.94,4
Nyheim Hines,RB,69,2000,69,198,30.75,8.875,4.38,1.52,11,34.75,120,4.34,7.07,4
Vance McDonald,TE,78,2000,76,267,34.375,10.125,4.69,1.71,31,33.5,119,4.53,7.08,4
Diontae Johnson,WR,66,2000,70,183,30.75,9,4.53,1.59,15,33.5,123,4.45,7.09,4
Ryan Izzo,TE,57,2000,77,255,32.125,9,4.93,1.72,18,33,110,4.43,7.15,4
Kenny Stills,WR,55,2000,73,202,30.5,9,4.38,1.54,16,33.5,124,4.27,7.18,4
Hayden Hurst,TE,88,2000,76,245,32.75,9.75,4.67,1.63,16,31.75,120,4.37,7.19,4
Jamaal Williams,RB,62,2000,72,213,31.25,10,4.59,1.63,18,31.5,123,4.42,7.21,4
Allen Hurns,WR,38,2000,73,208,32,9.25,4.57,1.61,14,31,120,4.47,7.23,4
Isaiah Crowell,RB,37,2000,71,225,31.375,9.25,4.57,1.55,23,38,116,4.61,7.33,4
Jonnu Smith,TE,67,2000,75,248,32.875,9.25,4.62,1.66,22,38,127,4.18,7.48,4
Jesse James,TE,41,2000,79,261,33,9.375,4.79,1.73,26,37.5,121,4.5,7.53,4
Kenny Britt,WR,88,2000,75,230,34,9,4.54,1.59,23,37,124,4.47,7.32,4
Ryan Finley,QB,88,2000,76,213,32.875,9.5,4.73,1.66,0,30.5,116,4.2,0,4
Colt McCoy,QB,86,2000,73,210,31.878,9.375,4.79,1.66,16,33.78,114,4.48,7.33,3
Kevin Hogan,QB,52,2000,75,218,32.375,10.25,4.78,1.64,17,32.5,113,4.31,6.9,3
Brian Hoyer,QB,60,2000,74,216,32.314,9.5,5.05,1.73,17,32,109,4.42,7.1,3
Nick Boyle,TE,49,2000,76,270,33.375,10.375,5.05,1.76,21,30.5,112,4.23,7.13,3
Chad Henne,QB,90,2000,75,222,32.751,9,4.92,1.7,17,25.5,106,4.4,7.17,3
DeShone Kizer,QB,82,2000,76,235,33.125,9.875,4.83,1.72,18,30.5,107,4.53,7.4,3
Brandon Weeden,QB,86,2000,75,227,31.75,9.625,4.94,1.71,18,32,102,4.5,7.41,3
Jeff Heuerman,TE,69,2000,77,255,33.25,10.125,4.86,1.68,26,34.5,120,4.54,7.44,3
Mike Williams,WR,97,2000,76,220,33.375,9.375,4.59,1.71,15,32.5,121,4.29,7.02,3
Jonathan Stewart,RB,95,2000,70,245,32.625,9.375,4.48,1.54,28,36.5,128,4.19,6.86,3
Tommy Sweeney,TE,63,2000,76,251,32.75,9.75,4.83,1.69,17,37.72,130,4.51,7.39,3
Anthony Miller,WR,84,2000,71,190,31.625,10,4.55,1.62,22,39,125,4.31,6.7,3
Brandon LaFell,WR,77,2000,75,210,32.75,9.875,4.62,1.64,11,36,115,4.23,6.81,3
Nelson Agholor,WR,89,2000,72,198,32.25,9.25,4.42,1.59,12,36.5,125,4.39,6.88,3
Royce Freeman,RB,73,2000,72,238,32,9.5,4.54,1.6,17,34,118,4.16,6.9,3
Dion Lewis,RB,72,2000,68,195,28.125,8.75,4.57,1.58,17,34.5,112,4.18,6.9,3
Jordan Matthews,WR,83,2000,75,215,33.25,10.375,4.46,1.55,21,35.5,120,4.18,6.95,3
Shane Vereen,RB,73,2000,70,205,30.625,9,4.55,1.62,31,34,115,4.28,6.95,3
Curtis Samuel,WR,86,2000,71,195,31.25,9.5,4.31,1.55,18,37,119,4.33,7.09,3
Jay Ajayi,RB,72,2000,72,223,32,10,4.57,1.59,19,39,121,4.1,7.1,3
Charles Sims,RB,70,2000,72,211,31,8.25,4.48,1.57,17,37.5,126,4.3,7.16,3
Martavis Bryant,WR,76,2000,76,210,32.625,9.5,4.42,1.57,16,39,124,4.15,7.18,3
Willie Snead,WR,36,2000,71,205,33,10.25,4.62,1.57,11,34.75,116,4.41,7.21,3
Tyler Kroft,TE,75,2000,78,252,33,9.625,4.8,1.7,17,34,120,4.55,7.23,3
James OShaughnessy,TE,37,2000,76,245,31.375,8.875,4.73,1.66,16,35,116,4.43,7.25,3
DOnta Foreman,RB,73,2000,73,235,31.375,10.125,4.51,1.68,18,33,120,4.34,7.26,3
Elijah McGuire,RB,50,2000,70,214,31,9,4.52,1.61,15,36,120,4.56,7.26,3
Richard Rodgers,TE,44,2000,76,257,32.625,10.125,4.87,1.76,16,31.5,114,4.58,7.3,3
Maxx Williams,TE,83,2000,76,252,33.5,10.375,4.78,1.77,17,34.5,117,4.37,7.3,3
Clive Walford,TE,80,2000,76,258,34,10.25,4.79,1.72,20,30.5,120,4.57,7.32,3
Ed Dickson,TE,72,2000,76,250,33,9.75,4.67,1.65,24,33.5,119,4.59,7.32,3
Kelvin Benjamin,WR,75,2000,77,245,34.875,10.25,4.61,1.62,13,32.75,119,4.47,7.33,3
Bo Scarbrough,RB,59,2000,73,235,33.5,10,4.52,1.56,14,40,129,4.34,7.11,3
John Ross,WR,90,2000,71,190,31.875,9.25,4.22,1.49,15,37,133,3.94,6.46,2
Johnny Manziel,QB,90,2000,72,210,31.375,9.875,4.68,1.63,16,31.5,113,4.03,6.75,2
Drew Stanton,QB,87,2000,75,226,30.25,9,4.79,1.67,18,30.5,108,4.41,6.77,2
Bryce Petty,QB,73,2000,75,226,31.875,10,4.87,1.67,18,34,121,4.13,6.91,2
Brett Hundley,QB,59,2000,75,226,32.125,10.5,4.63,1.62,18,36,120,3.98,6.93,2
Paul Richardson,WR,74,2000,72,183,32.625,8.875,4.4,1.56,14,37.75,124,4.28,7.06,2
Josh Rosen,QB,92,2000,76,218,31.75,9.875,4.92,1.71,17,31,111,4.28,7.09,2
AJ McCarron,QB,78,2000,75,215,32.751,9.718,4.94,1.77,17,28,99,4.34,7.18,2
Cody Kessler,QB,50,2000,73,215,32.625,10.875,4.89,1.68,17,29.5,104,4,7.32,2
Tom Savage,QB,75,2000,76,230,31.625,9.625,4.97,1.77,18,27,105,4.36,7.33,2
Geronimo Allison,WR,39,2000,75,202,32.875,9.5,4.64,1.68,16,33.75,127,4.28,7.4,2
Derek Anderson,QB,73,2000,78,235,32.625,10,5.04,1.75,18,29,103,4.67,7.67,2
Alex Collins,RB,67,2000,70,208,30.25,9.25,4.59,1.62,18,30.5,113,4.29,7.02,2
Mecole Hardman,WR,78,2000,70,187,30.25,9,4.33,1.52,17,36.5,119,4.05,6.63,2
Rashaad Penny,RB,84,2000,71,220,31.25,9.25,4.46,1.58,13,32.5,120,4.17,6.83,2
Tony Pollard,RB,59,2000,72,210,30,9.5,4.52,1.58,13,35,121,4.22,6.92,2
Breshad Perriman,WR,90,2000,74,215,32,9.25,4.31,1.56,18,36.5,127,4.03,6.6,2
Bilal Powell,RB,62,2000,70,204,30.875,8.75,4.56,1.58,18,32.6,113,4.26,6.98,2
Torrey Smith,WR,82,2000,72,205,32.625,8.625,4.44,1.54,19,41,126,4.13,6.72,2
Ameer Abdullah,RB,85,2000,69,203,30,8.625,4.6,1.57,24,42.5,147,3.95,6.79,2
Zay Jones,WR,87,2000,74,200,32.5,9,4.45,1.55,15,36.5,133,4.01,6.79,2
Stevan Ridley,RB,59,2000,71,220,31.875,9.25,4.72,1.69,20,36,118,4.22,6.81,2
Wendell Smallwood,RB,57,2000,70,208,30.5,9.25,4.47,1.58,16,33.5,120,4.28,6.83,2
Rishard Matthews,WR,55,2000,72,217,32.5,9.125,4.56,1.65,20,36,123,4.19,6.88,2
Matt Jones,RB,60,2000,74,239,32.314,9.589,4.64,1.62,20,31.5,112,4.47,6.89,2
Marquez Valdes-Scantling,WR,44,2000,76,206,32.25,10,4.37,1.55,15,30.5,124,4.22,6.9,2
Virgil Green,TE,77,2000,77,255,33.5,9.25,4.64,1.62,23,42.5,147,4.4,6.9,2
Keke Coutee,WR,67,2000,71,187,29.875,8.375,4.43,1.57,14,34.5,113,4.15,6.93,2
Jermaine Kearse,WR,39,2000,73,209,32.125,9.25,4.53,1.58,14,34.75,124,4.17,6.96,2
Kenneth Dixon,RB,76,2000,70,228,31.375,9.5,4.58,1.57,18,37.5,121,4.28,6.97,2
TreQuan Smith,WR,73,2000,74,210,34.5,9,4.49,1.6,12,37.5,130,4.5,6.97,2
Trey Quinn,WR,61,2000,72,200,30.75,10.125,4.53,1.59,17,32,116,4.22,6.98,2
Dare Ogunbowale,RB,46,2000,71,205,31.5,8.25,4.66,1.64,14,35,120,4.3,6.99,2
Mike Davis,RB,65,2000,69,217,30.131,8.941,4.6,1.6,17,34.75,116,4.18,7,2
Albert Wilson,WR,37,2000,69,186,30.375,9.125,4.43,1.54,10,37.25,123,4.21,7,2
Marqise Lee,WR,90,2000,72,196,31.75,9.5,4.52,1.59,11,38,127,4.01,7.01,2
Travis Benjamin,WR,52,2000,70,175,31.75,8.75,4.36,1.59,14,38,119,4.22,7.01,2
Terrance Williams,WR,81,2000,74,210,31.25,8.625,4.52,1.61,11,32.5,119,4.32,7.01,2
Donte Moncrief,WR,68,2000,74,216,32.375,9.125,4.4,1.54,13,39.5,132,4.3,7.02,2
Devin Funchess,WR,87,2000,76,225,33.5,9.75,4.63,1.64,17,38.5,122,4.53,7.03,2
Nick Vannett,TE,80,2000,78,261,34.25,10,4.94,1.77,17,30,112,4.2,7.05,2
Michael Roberts,TE,57,2000,77,265,33.25,11.5,4.94,1.7,21,30,110,4.49,7.05,2
Chris Conley,WR,61,2000,75,205,33.75,9.875,4.35,1.52,18,45,139,4.3,7.06,2
Peyton Barber,RB,34,2000,71,225,30.25,9.375,4.65,1.64,20,32.25,111,4.21,7.07,2
Adam Shaheen,TE,80,2000,78,270,33.5,9.625,4.79,1.71,24,32.5,121,4.38,7.09,2
Levine Toilolo,TE,59,2000,80,268,34.5,10.25,4.9,1.72,18,32.25,115,4.57,7.09,2
James Washington,WR,83,2000,71,213,32.375,9.75,4.55,1.63,14,36.75,121,4.32,7.11,2
Spencer Ware,RB,48,2000,70,229,30.568,9.07,4.67,1.64,17,35.5,119,4.32,7.12,2
Mike Gillislee,RB,69,2000,71,210,31.125,9.375,4.59,1.62,15,30.5,119,4.4,7.12,2
Alexander Mattison,RB,69,2000,71,221,31,9.125,4.67,1.51,22,35,127,4.29,7.13,2
Zach Pascal,WR,48,2000,74,219,32,10,4.57,1.62,14,36,126,4.3,7.15,2
Thomas Rawls,RB,41,2000,69,215,30.75,9.5,4.58,1.69,15,35.5,116,4.42,7.15,2
Alfred Blue,RB,33,2000,74,229,32.375,9.875,4.7,1.66,13,32,121,4.5,7.15,2
Michael Floyd,WR,93,2000,74,220,32.875,9.375,4.47,1.59,16,36.5,122,4.42,7.16,2
Wayne Gallman,RB,58,2000,72,217,32.625,9.125,4.57,1.67,21,30,120,4.28,7.17,2
Jordan Leggett,TE,76,2000,77,258,33.5,10.375,4.76,1.75,18,33,117,4.46,7.22,2
Darrel Williams,RB,33,2000,71,224,31,9.375,4.69,1.67,22,32,109,4.3,7.25,2
Ito Smith,RB,36,2000,69,195,28.875,9.375,4.5,1.62,22,36.5,119,4.61,7.27,2
Dion Sims,TE,61,2000,76,268,33.125,10.5,4.75,1.62,24,35,112,4.58,7.29,2
Terrance West,RB,68,2000,70,225,31,9.125,4.54,1.63,16,33.5,120,4.49,7.33,2
Jacquizz Rodgers,RB,71,2000,66,205,30.5,8.875,4.64,1.65,13,33.5,115,4.32,7.34,2
Damien Williams,RB,45,2000,71,224,30.625,9.125,4.45,1.56,16,32.75,121,4.25,7.37,2
Nick OLeary,TE,59,2000,75,252,29.75,9.375,4.93,1.78,21,30.5,110,4.5,7.4,2
Jordan Thomas,TE,33,2000,77,277,34.125,11,4.74,1.71,16,28.25,110,4.72,7.48,2
Kapri Bibbs,RB,41,2000,70,203,31.375,8.5,4.63,1.59,24,29,106,4.66,7.55,2
Jeremy Hill,RB,79,2000,73,230,32.625,10.375,4.65,1.66,20,30,113,4.64,7.69,2
Tavon Austin,WR,93,2000,68,180,30,9.125,4.34,1.55,14,32,120,4.01,6.57,2
Dante Pettis,WR,77,2000,73,195,32.25,9.5,4.53,1.62,15,36,125,4.23,6.93,1
Cardale Jones,QB,47,2000,77,250,33.75,9.75,4.81,1.67,20,36,125,4.5,7.36,1
Mack Hollins,WR,73,2000,76,221,33.25,9.75,4.53,1.53,17,35.36,122,4.23,6.93,1
TJ Jones,WR,53,2000,72,190,33.375,9.375,4.48,1.54,15,33,119,4.27,6.82,1
Josh Reynolds,WR,67,2000,75,196,31.5,9.375,4.57,1.62,15,36.5,124,4.13,6.83,1
Rashad Greene,WR,77,2000,71,190,31.625,9,4.53,1.63,15,36.25,122,4.12,6.88,1
Jeremy McNichols,RB,60,2000,69,205,31.5,10,4.49,1.55,16,35.5,121,4.28,6.93,1
Kyle Lauletta,QB,78,2000,75,221,30.625,9.75,4.81,1.67,17,31,113,4.07,6.95,1
Deontay Burnett,WR,52,2000,72,186,31.5,8.625,4.81,1.71,15,30.5,121,4.28,6.96,1
Javon Wims,WR,42,2000,76,215,31.5,9.25,4.56,1.6,17,33.5,114,4.58,7,1
Landry Jones,QB,74,2000,76,225,33,9.125,5.11,1.77,18,31,115,4.3,7.12,1
Cameron Artis-Payne,RB,50,2000,70,215,29.625,8.875,4.53,1.61,17,36.5,118,4.3,7.13,1
Jake Rudock,QB,32,2000,75,212,32.751,9.718,4.93,1.8,17,29,111,4.27,7.14,1
Nathan Peterman,QB,77,2000,74,225,31.375,9.875,4.82,1.67,18,31,110,4.31,7.14,1
Drew Sample,TE,77,2000,77,255,33.375,9.625,4.71,1.65,20,33.5,115,4.31,7.15,1
Justin Hunter,WR,90,2000,76,203,33.25,9.375,4.44,1.58,16,40,137,4.33,7.24,1
Sean Mannion,QB,68,2000,78,223,33.5,9,5.14,1.87,17,31,105,4.39,7.29,1
Cordarrelle Patterson,WR,89,2000,74,228,31.625,9,4.42,1.6,18,37,128,4.45,7.33,1
Jaelen Strong,WR,88,2000,74,220,32.5,9,4.44,1.57,17,42,123,4.26,7.39,1
Auden Tate,WR,55,2000,77,228,33.75,9.375,4.7,1.65,18,31,112,4.63,7.42,1
Nate Sudfeld,QB,59,2000,78,227,34.25,9.875,4.98,1.84,18,29.25,105,4.53,7.47,1
Garrett Gilbert,QB,31,2000,76,230,33.188,9.848,4.88,1.74,18,29.5,117,4.46,7.48,1
David Fales,QB,63,2000,74,213,31.75,9.25,4.99,1.72,17,28,103,4.5,7.55,1
Ryan Griffin,QB,48,2000,77,210,33.624,9.978,5.25,1.87,16,25.5,101,4.83,7.69,1
Josh Adams,RB,54,2000,74,225,33.75,9.25,4.56,1.64,18,34,122,4.26,6.83,1
Tajae Sharpe,WR,56,2000,74,194,32.25,8.375,4.55,1.55,11,33.5,114,4.25,6.96,1
Keon Hatcher,WR,36,2000,73,212,32,9.5,4.64,1.64,16,34,120,4.34,7.1,1
Josh Ferguson,RB,59,2000,70,205,30,9,4.48,1.54,21,34.5,120,4.19,6.86,1
Leonte Carroo,WR,78,2000,73,215,31.375,9.625,4.5,1.59,14,35.5,120,4.21,6.89,1
Keenan Reynolds,WR,32,2000,70,191,30.568,9.07,4.62,1.67,15,37,120,4.32,7.07,1
Darrell Henderson,RB,68,2000,68,208,31,8.625,4.37,1.53,22,33.5,121,4.08,6.69,1
Damien Harris,RB,70,2000,70,216,30.75,9.75,4.57,1.6,16,37,121,4.27,6.99,1
NKeal Harry,WR,87,2000,74,228,33,9.5,4.53,1.59,27,38.5,122,4.23,6.93,1
ArDarius Stewart,WR,74,2000,72,205,32.5,9.375,4.49,1.59,10,34,123,4.2,6.87,1
Paul Perkins,RB,68,2000,71,214,31.625,9,4.54,1.62,19,32,124,4.24,6.95,1
Travis Fulgham,WR,73,2000,74,215,33.75,9.5,4.58,1.6,15,36.5,126,4.28,7.01,1
Corey Coleman,WR,90,2000,71,185,30.25,9,4.43,1.54,17,40.5,129,4.14,6.77,1
Justice Hill,RB,72,2000,70,198,31.625,9.5,4.4,1.48,21,40,130,4.11,6.73,1
Cody Latimer,WR,88,2000,74,217,32.625,9.625,4.49,1.6,23,39,135,4.2,6.87,1
Quincy Enunwa,WR,39,2000,74,225,32.625,9.5,4.45,1.57,19,35.2,122,4.16,6.81,1
Cethan Carter,TE,41,2000,75,245,32.37,9,4.71,1.68,20,37.01,128,4.4,7.2,1
JMon Moore,WR,50,2000,75,205,32.875,9.375,4.57,1.67,21,39.5,120,4.04,6.56,1
Taywan Taylor,WR,76,2000,71,203,32.625,9.25,4.5,1.52,13,35.5,132,4.21,6.57,1
Trevor Davis,WR,48,2000,73,188,31,10,4.42,1.51,11,38.5,124,4.22,6.6,1
Justin Hardy,WR,73,2000,70,192,32.125,10,4.59,1.63,11,36.5,114,4.21,6.63,1
Jeff Janis,WR,52,2000,75,219,32.5,9,4.42,1.55,20,37.5,123,3.98,6.64,1
Braxton Miller,WR,81,2000,74,215,31.75,9.125,4.49,1.6,17,35,123,4.07,6.65,1
Aldrick Robinson,WR,57,2000,70,185,29.5,8.75,4.48,1.58,17,40,126,4.09,6.65,1
Ryan Grant,WR,51,2000,72,204,31.375,8.25,4.61,1.63,8,35.5,119,4.11,6.68,1
Bruce Ellington,WR,79,2000,69,200,31,9.625,4.45,1.55,15,39.5,120,3.95,6.69,1
Christine Michael,RB,76,2000,70,220,31.5,9.375,4.54,1.56,27,43,125,4.02,6.69,1
Jehu Chesson,WR,59,2000,74,204,33.25,9.125,4.49,1.68,12,37.5,132,4.09,6.7,1
Marquise Goodwin,WR,69,2000,69,180,31.5,8.625,4.27,1.51,13,42,132,4.14,6.71,1
Deon Cain,WR,70,2000,74,202,33,8.75,4.43,1.57,11,32,115,4.37,6.71,1
Trent Taylor,WR,40,2000,68,180,28.75,8.25,4.63,1.58,13,33,117,4.01,6.74,1
Chad Hansen,WR,58,2000,74,202,32.125,10.125,4.53,1.6,11,35,119,4.13,6.74,1
Krishawn Hogan,WR,43,2000,75,222,32.125,9.875,4.56,1.56,13,36.5,124,4.27,6.74,1
Jordan Taylor,WR,33,2000,77,210,33.624,9.978,4.57,1.62,9,36.5,122,4.51,6.74,1
Jeremy Kerley,WR,63,2000,69,188,30,9,4.64,1.61,16,36,121,4.04,6.75,1
Demarcus Robinson,WR,44,2000,73,203,33,9.5,4.61,1.61,9,34,123,4.23,6.76,1
Chris Moore,WR,82,2000,73,200,33.375,9.375,4.53,1.58,10,37,128,4.2,6.76,1
Corey Clement,RB,49,2000,70,220,30.5,9.75,4.66,1.66,19,30.25,118,4.22,6.76,1
Ryan Switzer,WR,63,2000,68,185,28,9.25,4.51,1.56,11,32,116,4,6.77,1
Michael Campanaro,WR,47,2000,69,191,30.25,9,4.46,1.56,20,39,122,4.01,6.77,1
Miles Boykin,WR,80,2000,76,220,33.5,9.875,4.42,1.55,12,43.5,140,4.07,6.77,1
Andre Roberts,WR,74,2000,71,195,33.25,9.5,4.46,1.52,15,36,120,4.15,6.77,1
Dwayne Harris,WR,69,2000,71,206,31.125,10.125,4.6,1.74,10,34,111,4.21,6.77,1
Braxton Berrios,WR,49,2000,69,190,28,9.25,4.49,1.63,11,36,110,4.23,6.77,1
Markus Wheaton,WR,74,2000,71,185,32.625,9.125,4.45,1.6,20,37,120,4.02,6.8,1
Phillip Dorsett,WR,88,2000,70,192,30.25,9.375,4.33,1.54,13,37.5,126,4.1,6.8,1
Darrius Heyward-Bey,WR,90,2000,74,210,31.625,9.625,4.3,1.54,16,38.5,126,4.18,6.8,1
Justin Jackson,RB,56,2000,72,199,30.625,9.25,4.5,1.57,14,38.5,122,4.07,6.81,1
Robert Davis,WR,56,2000,75,212,33,9.625,4.44,1.58,19,41,136,4.28,6.82,1
Victor Bolden,WR,32,2000,68,178,31.125,9,4.56,1.65,9,32,117,4.34,6.82,1
Shelton Gibson,WR,62,2000,71,191,32,8.875,4.49,1.65,8,32,120,4.2,6.83,1
Cody Core,WR,38,2000,75,210,32.751,9.718,4.47,1.54,14,34.5,118,4.39,6.83,1
Josh Doctson,WR,91,2000,74,202,31.875,9.875,4.5,1.58,14,41,131,4.08,6.84,1
DaeSean Hamilton,WR,74,2000,73,206,31,9.375,4.57,1.62,16,34.5,121,4.15,6.84,1
John Phillips,TE,58,2000,77,251,32.25,10,4.84,1.73,20,33.5,112,4.27,6.84,1
Blake Bell,TE,48,2000,78,252,33.125,10,4.8,1.73,16,33,116,4.32,6.85,1
Malcolm Brown,RB,43,2000,71,222,32.75,10.25,4.59,1.61,19,34.5,117,4.15,6.86,1
Geremy Davis,WR,47,2000,75,211,32.25,9.5,4.54,1.61,23,36.5,124,4.18,6.86,1
Amara Darboh,WR,71,2000,74,215,32.625,9.875,4.45,1.57,17,36.25,124,4.32,6.86,1
Kenjon Barner,RB,52,2000,69,195,29.625,9.125,4.48,1.64,20,35.5,122,4.2,6.87,1
Byron Pringle,WR,38,2000,73,203,31.625,9.125,4.53,1.6,15,33.75,120,4.34,6.87,1
Devin Smith,WR,88,2000,73,199,31,9,4.42,1.56,10,39,122,4.15,6.88,1
Kalen Ballage,RB,68,2000,74,237,32.75,9.5,4.48,1.58,15,35.25,122,4.3,6.91,1
Tavarres King,WR,60,2000,73,192,33,9.5,4.47,1.57,11,36.5,123,4.33,6.91,1
Kevin White,WR,93,2000,75,216,32.625,9.25,4.35,1.53,23,36.5,118,4.14,6.92,1
Jarius Wright,WR,64,2000,70,191,31.5,8.5,4.42,1.56,11,38,120,4.03,6.93,1
Isaiah Ford,WR,47,2000,74,189,32.625,9.25,4.62,1.63,14,35.5,127,4.34,6.94,1
Taiwan Jones,RB,75,2000,72,195,34,10,4.38,1.63,13,39.5,132,4.13,6.95,1
Andy Isabella,WR,70,2000,69,188,29.75,8.375,4.31,1.51,15,36.5,121,4.15,6.95,1
Ryan Nall,RB,35,2000,74,232,31.5,10,4.58,1.64,15,33.5,122,4.16,6.95,1
Johnny Holton,WR,31,2000,73,190,32.875,9.875,4.51,1.59,8,34,124,4.25,6.95,1
Tre McBride,WR,67,2000,72,210,32.125,9,4.41,1.49,16,38,122,4.08,6.96,1
Brandon Bolden,RB,41,2000,71,220,32.25,10,4.61,1.64,21,38,119,4.41,6.96,1
Charone Peake,WR,68,2000,74,209,34,9.25,4.44,1.59,12,35.5,122,4.46,6.96,1
Kaelin Clay,WR,32,2000,70,195,30.875,9,4.51,1.64,10,33,113,4.26,6.97,1
Sammie Coates,WR,77,2000,73,212,33.375,9.375,4.43,1.55,23,41,131,4.06,6.98,1
Dexter Williams,RB,54,2000,71,212,32.25,9.25,4.57,1.6,17,36,130,4.16,7,1
Dalton Schultz,TE,56,2000,77,260,31.25,9.5,4.75,1.64,18,32,120,4.4,7,1
Zach Zenner,RB,42,2000,71,221,32,9.625,4.6,1.64,25,41,121,4.25,7.01,1
Ryquell Armstead,RB,62,2000,71,220,30.625,9.125,4.45,1.53,22,30,114,4.29,7.02,1
Jonathan Williams,RB,51,2000,72,223,31.625,10,4.66,1.6,16,34.57,120,4.34,7.02,1
Brian Hill,RB,52,2000,73,219,31.375,8.875,4.57,1.63,15,33.5,125,4.32,7.03,1
Luke Stocker,TE,74,2000,77,253,33,9.75,4.77,1.67,27,33,115,4.4,7.03,1
Josh Malone,WR,71,2000,75,205,31.375,9.625,4.4,1.56,10,30.5,121,4.19,7.05,1
Jerell Adams,TE,78,2000,77,254,34.375,9.75,4.64,1.64,18,32.5,117,4.31,7.05,1
Antonio Callaway,WR,68,2000,71,200,31.5,9.5,4.41,1.52,7,34,121,4.38,7.05,1
Mark Walton,RB,71,2000,69,205,30,9.25,4.61,1.63,18,31.5,118,4.5,7.05,1
Bennie Fowler,WR,33,2000,73,212,32,9.5,4.46,1.64,18,36,126,4.18,7.06,1
Jakobi Meyers,WR,48,2000,74,203,32,9.5,4.63,1.62,13,37,118,4.23,7.07,1
Marcell Ateman,WR,56,2000,76,216,32.875,9,4.62,1.64,13,34,121,4.25,7.07,1
Travis Homer,RB,47,2000,70,201,31.5,10,4.48,1.53,17,39.5,130,4.31,7.07,1
Noah Brown,WR,46,2000,74,225,31.75,9.125,4.61,1.66,19,35.2,122,4.33,7.07,1
Jakeem Grant,WR,35,2000,67,169,29.258,8.682,4.42,1.59,15,36.5,117,4.08,7.08,1
Russell Gage,WR,35,2000,72,184,33,9.125,4.55,1.59,15,39,122,4.3,7.08,1
Brandon Wilds,RB,49,2000,72,220,31.441,9.33,4.54,1.58,21,35.75,118,4.31,7.08,1
Tyler Ervin,RB,58,2000,70,185,29.75,9.125,4.41,1.56,17,39,135,4.39,7.08,1
LilJordan Humphrey,WR,41,2000,76,210,32.75,9.5,4.75,1.66,13,33.5,119,4.29,7.09,1
Laquon Treadwell,WR,91,2000,74,215,33.375,9.5,4.69,1.67,12,33.25,117,4.35,7.09,1
Brian Quick,WR,79,2000,75,215,34.25,9.75,4.57,1.58,15,34,119,4.23,7.1,1
Chad Williams,WR,48,2000,73,204,31.878,9.459,4.48,1.62,21,35.5,123,4.26,7.11,1
Ricardo Louis,WR,45,2000,74,215,32.375,9.5,4.43,1.57,18,38,132,4.37,7.12,1
Tyler Conklin,TE,62,2000,75,254,33,9.5,4.8,1.66,18,38,120,4.23,7.13,1
John Kelly,RB,60,2000,70,205,31.375,9.375,4.69,1.63,15,35,120,4.39,7.13,1
Hunter Sharp,WR,51,2000,71,198,31.625,9.375,4.59,1.66,12,31.75,115,4.23,7.14,1
Tre Madden,RB,33,2000,72,235,29.75,9.375,4.61,1.69,24,33.5,120,4.43,7.14,1
Kerwynn Williams,RB,57,2000,68,198,29.75,9.125,4.48,1.63,17,35,118,4.15,7.15,1
Tra Carson,RB,36,2000,71,228,31.5,9.25,4.69,1.7,19,37,115,4.32,7.15,1
Kelvin Harmon,WR,72,2000,74,221,32.5,9.5,4.6,1.61,18,32.5,117,4.32,7.15,1
Jeremy Sprinkle,TE,58,2000,77,252,34.5,10.75,4.7,1.66,15,29.75,116,4.58,7.15,1
Jaleel Scott,WR,46,2000,77,210,33.5,10,4.56,1.56,16,34.5,124,4.35,7.16,1
Lee Smith,TE,59,2000,78,265,34.375,9.75,5.03,1.77,25,29,108,4.28,7.16,1
Robert Turbin,RB,69,2000,70,225,31,9.75,4.5,1.6,28,36,122,4.31,7.16,1
Allen Lazard,WR,69,2000,77,227,32.5,9.875,4.55,1.58,17,38,123,4.38,7.16,1
Durham Smythe,TE,55,2000,78,248,31.75,9.25,4.81,1.67,18,31,110,4.23,7.17,1
Trevon Wesco,TE,60,2000,75,267,34.75,9.5,4.89,1.71,24,31,117,4.38,7.18,1
Marcus Murphy,RB,40,2000,69,195,31,8.625,4.62,1.7,13,29.75,112,4.43,7.18,1
Myles Gaskin,RB,50,2000,69,205,29.5,8.75,4.58,1.6,24,35.5,123,4.27,7.19,1
Jace Sternberger,TE,77,2000,76,251,32.125,9.75,4.75,1.66,17,31.5,113,4.31,7.19,1
Pharoh Cooper,WR,77,2000,71,208,32.25,9.125,4.7,1.71,17,30.75,117,4.31,7.2,1
Josh Oliver,TE,71,2000,77,249,33.5,10.75,4.63,1.62,22,34,117,4.47,7.21,1
Riley Ridley,WR,78,2000,73,199,32.625,10.25,4.58,1.6,13,30.5,124,4.28,7.22,1
Aaron Burbridge,WR,62,2000,73,208,31.625,8.25,4.57,1.64,20,30.5,115,4.31,7.22,1
Jeremy Langford,RB,69,2000,72,211,31.5,8.75,4.42,1.55,19,34.5,118,4.34,7.22,1
Jester Weah,WR,48,2000,75,210,33.25,8.75,4.43,1.6,15,38,129,4.41,7.24,1
Cam Phillips,WR,31,2000,72,201,30.5,8.875,4.84,1.67,12,29.5,113,4.5,7.24,1
Rashard Higgins,WR,61,2000,73,198,32.25,9.75,4.67,1.67,13,32.25,118,4.57,7.24,1
MyCole Pruitt,TE,61,2000,74,245,33.5,10.25,4.58,1.63,17,38,118,4.37,7.25,1
Samaje Perine,RB,77,2000,71,233,30.375,10,4.65,1.63,30,33,116,4.37,7.26,1
Cole Hikutini,TE,69,2000,76,240,32.75,10,4.9,1.73,20,34.5,120,4.62,7.27,1
DeAngelo Henderson,RB,44,2000,67,208,29,9.5,4.48,1.53,20,34,120,4.62,7.31,1
Brandon Coleman,WR,69,2000,78,225,34,9.25,4.56,1.66,21,32.5,112,4.51,7.33,1
Kendall Blanton,TE,37,2000,78,262,33.75,10.375,4.95,1.73,22,31,113,4.42,7.37,1
Ben Koyack,TE,50,2000,77,258,32.625,10.75,4.84,1.74,16,30,116,4.57,7.37,1
Jordan Scarlett,RB,45,2000,71,208,30.375,8.875,4.47,1.57,21,30,116,4.63,7.37,1
Jason Croom,TE,39,2000,77,246,33.624,9.978,4.74,1.72,23,34,120,4.45,7.38,1
Eric Saubert,TE,53,2000,77,253,33.5,10.375,4.74,1.68,22,34.25,121,4.64,7.39,1
Zach Gentry,TE,40,2000,80,265,34.125,9.5,4.9,1.72,12,29.5,110,4.53,7.4,1
Trayveon Williams,RB,76,2000,68,206,30.375,9.25,4.51,1.58,19,33,121,4.44,7.44,1
Isaac Nauta,TE,57,2000,75,244,31.875,9.375,4.91,1.72,19,28,97,4.43,7.45,1
Xavier Grimble,TE,31,2000,76,261,33.625,10.25,4.95,1.75,16,28.5,112,4.84,7.46,1
Qadree Ollison,RB,48,2000,73,228,31.5,9.625,4.58,1.53,19,29.5,114,4.31,7.53,1
Roger Lewis,WR,46,2000,72,203,32,9.75,4.54,1.65,8,34.75,121,4.5,7.63,1
Parris Campbell,WR,84,2000,72,205,32.25,9.5,4.31,1.51,11,40,135,4.03,6.6,1
Jordan Wilkins,RB,34,2000,73,216,30.125,9.375,4.58,1.61,16,36.5,120,4.27,6.99,1
Orson Charles,TE,73,2000,75,257,32.5,9.25,4.78,1.71,35,30.5,113,4.42,7.24,1
Trace McSorley,QB,46,2000,72,202,31,9.125,4.57,1.6,0,33,115,4.12,0,1
Will Grier,QB,68,2000,74,217,31.5,9.375,4.84,1.69,0,34,112,4.28,0,1
Jarrett Stidham,QB,81,2000,74,218,32,9.125,4.81,1.68,0,31,110,4.33,0,1
Quartney Davis,WR,62,2020,73,201,31.375,9.5,4.54,1.53,16,35.5,123,4.24,7.08,0
Aaron Fuller,WR,49,2020,71,188,29.75,8.875,4.59,1.59,15,34,118,4.29,7.14,0
Javon Leake,RB,45,2020,72,215,31.5,9.625,4.65,1.62,17,28.5,112,4.35,7.12,0
Shea Patterson,QB,31,2020,73,212,30.5,9.375,4.67,1.64,17,31,116,4.36,7.15,0
KeShawn Vaughn,RB,70,2020,70,214,30.875,8.875,4.51,1.55,17,32,117,4.22,6.9,0
Trishton Jackson,WR,42,2020,73,197,32.375,9.75,4.5,1.53,15,36,117,4.21,6.89,0
Jauan Jennings,WR,34,2020,75,215,31.625,9,4.72,1.58,17,29,119,4.41,7.22,0
Salvon Ahmed,RB,61,2020,71,197,29.25,8.75,4.62,1.56,15,34.5,120,4.32,7.07,0
DAndre Swift,RB,91,2020,68,212,29.875,9,4.48,1.56,17,35.5,121,4.19,6.86,0
Jalen Hurts,QB,70,2020,73,222,31.75,9.75,4.59,1.53,17,35,125,4.29,7.02,0
Jeff Thomas,WR,31,2020,69,170,30.375,8.375,4.45,1.51,13,36.5,125,4.16,6.81,0
Justin Jefferson,WR,91,2020,73,202,33,9.125,4.43,1.54,16,37.5,126,4.14,6.78,0
Marquez Callaway,WR,47,2020,73,205,32.375,9.375,4.55,1.55,16,38,126,4.25,6.96,0
Rico Dowdle,RB,32,2020,71,209,31.375,9,4.54,1.53,16,38,127,4.24,6.95,0
Henry Ruggs III,WR,92,2020,71,188,30.5,10.125,4.27,1.43,15,42,131,3.99,6.53,0
Donovan Peoples-Jones,WR,68,2020,74,212,33.5,10.125,4.48,1.54,17,44.5,139,4.19,6.86,0
Albert Okwuegbunam,TE,70,2020,77,258,34.125,10.25,4.49,1.58,20,38.51,133,4.2,6.87,0
Juwan Johnson,WR,52,2020,76,230,34.25,10.5,4.58,1.54,18,33,124,4.37,6.94,0
Devin Duvernay,WR,74,2020,70,200,30.625,9.5,4.39,1.51,16,35.5,123,4.2,7.13,0
DeeJay Dallas,RB,55,2020,70,217,30.625,9.25,4.58,1.54,17,33.5,119,4.32,7.18,0
Cody White,WR,36,2020,75,217,32.5,10,4.66,1.56,17,35.5,120,4.52,7.19,0
Quez Watkins,WR,60,2020,72,185,32.875,9,4.35,1.51,15,36.5,125,4.36,7.28,0
Mitchell Wilcox,TE,58,2020,75,247,32.25,9.125,4.88,1.65,19,31,112,4.43,7.37,0
Cole Kmet,TE,85,2020,78,262,33,10.5,4.7,1.6,21,37,123,4.41,7.44,0
Stephen Sullivan,TE,50,2020,77,248,35.375,10.125,4.66,1.62,19,36.5,123,4.62,7.51,0
Brian Lewerke,QB,36,2020,74,213,32.125,10.625,4.95,1.65,17,34.26,118,4.4,7.2,0
Austin Mack,WR,62,2020,73,208,33.625,10,4.59,1.57,16,31.5,117,4.42,7.24,0
Steven Montez,QB,41,2020,76,231,32.75,9.375,4.58,1.6,18,33,117,4.43,7.25,0
Justin Herbert,QB,89,2020,78,236,32.875,10,4.68,1.56,19,35.5,123,4.46,7.3,0
Nate Stanley,QB,56,2020,76,235,32.625,10,4.79,1.65,18,28.5,108,4.48,7.34,0
Jake Fromm,QB,82,2020,74,219,31.125,8.875,5.01,1.68,17,30,111,4.51,7.38,0
Jordan Love,QB,90,2020,76,224,32.625,10.5,4.65,1.58,18,35.5,118,4.52,7.4,0
Cole McDonald,QB,45,2020,75,215,32.25,9.75,4.54,1.55,17,36,121,4.52,7.4,0
Jerry Jeudy,WR,94,2020,73,193,32.125,9.5,4.45,1.48,15,35,120,4.53,7.42,0
Jacob Eason,QB,81,2020,78,231,32.875,9.5,4.89,1.66,18,27.5,110,4.75,7.78,0
James Robinson,RB,51,2020,69,219,29.625,8.75,4.64,1.55,24,40,125,4.34,7.03,0
AJ Dillon,RB,71,2020,72,247,31.625,9.625,4.53,1.53,23,41,131,4.23,7.19,0
K.J. Hill,WR,70,2020,72,196,29.125,9.25,4.6,1.52,17,32.5,114,4.3,7.04,0
Devin Asiasi,TE,71,2020,75,257,33.25,9.75,4.73,1.61,16,30.5,115,4.42,7.24,0
Raymond Calais,RB,38,2020,68,188,30,9.25,4.42,1.5,20,37.5,120,4.13,6.76,0
Joe Reed,WR,61,2020,72,224,31.125,9.75,4.47,1.55,21,38,123,4.18,6.84,0
Clyde Edwards-Helaire,RB,87,2020,67,207,29,9.625,4.6,1.53,15,39.5,123,4.3,7.04,0
CeeDee Lamb,WR,92,2020,74,198,32.25,9.25,4.5,1.46,11,34.5,124,4.21,6.89,0
Darrynton Evans,RB,30,2020,70,203,31.625,9.25,4.41,1.5,20,37,125,4.12,6.75,0
Tyrie Cleveland,WR,38,2020,74,209,32.875,9.125,4.46,1.53,13,39.5,126,4.17,6.83,0
Chase Claypool,WR,78,2020,76,238,32.5,9.875,4.42,1.52,19,40.5,126,4.13,6.76,0
Kalija Lipscomb,WR,65,2020,72,207,32.875,9.375,4.57,1.53,16,32,127,4.27,6.99,0
Brandon Aiyuk,WR,90,2020,72,205,33.5,9.75,4.5,1.52,11,40,128,4.21,6.89,0
Laviska Shenault Jr.,WR,79,2020,73,227,31.875,9,4.58,1.6,17,35.12,121,4.28,7.01,0
Jared Pinkney,TE,66,2020,76,257,32.875,10.5,4.96,1.71,23,38.19,132,4.64,7.59,0
Denzel Mims,WR,78,2020,75,207,33.875,9.375,4.38,1.51,16,38.5,131,4.43,6.66,0
Adam Trautman,TE,77,2020,77,255,32.625,9.5,4.79,1.57,18,34.5,114,4.27,6.78,0
Joshua Kelley,RB,30,2020,71,212,31.625,9.625,4.49,1.54,23,31,121,4.28,6.95,0
Eno Benjamin,RB,53,2020,69,207,31.25,8.625,4.57,1.53,12,39,122,4.25,6.97,0
J.J. Taylor,RB,44,2020,65,185,28.75,8.5,4.61,1.54,19,35.5,118,4.15,7,0
Charlie Taumoepeau,TE,51,2020,74,240,32.25,9.5,4.75,1.66,18,36.5,121,4.27,7,0
K.J. Osborn,WR,32,2020,71,203,31.25,9.125,4.48,1.47,18,37.5,123,4.35,7,0
Isaiah Hodgins,WR,61,2020,76,210,33.125,9.875,4.61,1.55,9,36.5,124,4.12,7.01,0
Jonathan Taylor,RB,88,2020,70,226,31.125,9.5,4.39,1.46,17,36,123,4.24,7.01,0
Dalton Keene,TE,35,2020,76,253,32.25,9.75,4.71,1.63,21,34,125,4.19,7.07,0
Hunter Bryant,TE,68,2020,74,248,32,10,4.74,1.65,23,32.5,115,4.46,7.08,0
Gabriel Davis,WR,57,2020,74,216,31.25,9.25,4.54,1.56,14,35,124,4.59,7.08,0
Brian Herrien,RB,34,2020,71,209,29.75,9,4.62,1.56,18,38.5,126,4.4,7.12,0
LaMical Perine,RB,75,2020,71,216,31.625,10.25,4.62,1.52,22,35,118,4.31,7.13,0
Kendrick Rogers,WR,37,2020,76,208,33.125,9.125,4.51,1.48,17,35.5,124,4.48,7.13,0
Josiah Deguara,TE,30,2020,74,242,31.625,9,4.72,1.56,25,35.5,115,4.35,7.15,0
Colby Parkinson,TE,60,2020,79,252,33.25,9.625,4.77,1.65,18,32.5,109,4.46,7.15,0
Charlie Woerner,TE,30,2020,77,244,31.125,9.5,4.78,1.63,21,34.5,120,4.46,7.18,0
Quintez Cephus,WR,55,2020,73,202,32.125,8.75,4.73,1.59,23,38.5,124,4.33,7.2,0
Brycen Hopkins,TE,52,2020,76,245,32.125,10.125,4.66,1.61,21,33.5,116,4.28,7.25,0
Dezmon Patmon,WR,48,2020,76,225,32.75,10.25,4.48,1.51,15,36,132,4.38,7.28,0
Jalen Reagor,WR,85,2020,71,206,31.375,9.5,4.47,1.52,17,42,138,4.46,7.31,0
Antonio Gandy-Golden,WR,73,2020,76,223,31.75,9.625,4.6,1.54,22,36,127,4.55,7.33,0
Scottie Phillips,RB,33,2020,68,209,29.375,8.5,4.56,1.55,29,30,114,4.53,7.4,0
Harrison Bryant,TE,64,2020,77,243,30.625,9.5,4.73,1.62,13,32.5,110,4.37,7.41,0
JaMycal Hasty,RB,35,2020,68,205,31.125,9.125,4.55,1.53,15,39,123,4.03,6.6,0
Sewo Olonilua,RB,30,2020,75,232,32.125,10,4.66,1.57,25,36,123,4.28,7.01,0
Zack Moss,RB,80,2020,69,223,31.25,9.25,4.65,1.54,19,33,114,4.37,7.16,0
Cam Akers,RB,81,2020,70,217,30.625,9,4.47,1.52,20,35.5,122,4.42,7.24,0
