game_id,receiver_player_id,posteam,hv_plays,avg_rz_targets,spread
2017090700,00-0026035,NE,3,1.56,-9
2017090700,00-0030155,KC,1,1.13,9
2017090700,00-0031062,NE,1,1.50,-9
2017090700,00-0031236,NE,1,1.33,-9
2017090700,00-0032128,KC,1,1.50,9
2017090700,00-0033040,KC,1,1.50,9
2017091000,00-0027029,BUF,1,1.36,-7.5
2017091000,00-0028112,BUF,2,1.44,-7.5
2017091000,00-0028263,BUF,1,1.09,-7.5
2017091000,00-0031299,BUF,1,1.63,-7.5
2017091000,00-0032004,NYJ,1,1.38,7.5
2017091000,00-0032117,BUF,1,1.00,-7.5
2017091001,00-0027944,ATL,1,1.93,-6.5
2017091001,00-0030422,CHI,1,1.23,6.5
2017091001,00-0032058,ATL,1,1.17,-6.5
2017091001,00-0032392,ATL,2,1.50,-6.5
2017091002,00-0026995,BAL,1,1.63,2.5
2017091002,00-0027942,CIN,1,1.78,-2.5
2017091002,00-0030456,CIN,1,1.15,-2.5
2017091003,00-0027793,PIT,2,2.10,-10
2017091003,00-0030656,CLE,1,1.17,10
2017091003,00-0032135,PIT,2,1.45,-10
2017091003,00-0032966,CLE,2,1.00,10
2017091003,00-0033079,CLE,1,1.00,10
2017091003,00-0033080,CLE,1,1.00,10
2017091004,00-0022921,ARI,1,1.92,-2
2017091004,00-0029293,DET,2,1.36,2
2017091004,00-0030107,DET,1,1.74,2
2017091004,00-0030287,ARI,1,1.36,-2
2017091004,00-0032112,ARI,1,2.40,-2
2017091004,00-0032187,ARI,1,1.44,-2
2017091005,00-0029615,HOU,1,1.25,-6
2017091005,00-0030564,HOU,1,1.71,-6
2017091007,00-0024389,TEN,1,1.53,-2.5
2017091007,00-0026986,OAK,1,1.51,2.5
2017091007,00-0027061,OAK,1,1.44,2.5
2017091007,00-0029580,TEN,1,1.50,-2.5
2017091007,00-0031166,OAK,1,1.62,2.5
2017091007,00-0031544,OAK,2,1.26,2.5
2017091008,00-0027325,PHI,1,1.00,-1.5
2017091008,00-0027996,PHI,1,1.43,-1.5
2017091008,00-0028825,WAS,1,1.50,1.5
2017091008,00-0029137,PHI,1,1.90,-1.5
2017091008,00-0030061,PHI,1,1.52,-1.5
2017091008,00-0030404,WAS,1,1.29,1.5
2017091008,00-0031068,WAS,1,1.15,1.5
2017091008,00-0031549,PHI,1,1.40,-1.5
2017091009,00-0029608,IND,1,1.72,3
2017091009,00-0030181,IND,2,1.42,3
2017091009,00-0030431,LA,2,1.32,-3
2017091009,00-0031325,LA,1,1.44,-3
2017091009,00-0031339,IND,1,1.39,3
2017091009,00-0032241,LA,1,1.50,-3
2017091010,00-0026176,GB,1,1.81,-2.5
2017091010,00-0026201,GB,1,1.63,-2.5
2017091010,00-0028002,GB,1,1.89,-2.5
2017091010,00-0028434,SEA,1,1.73,2.5
2017091010,00-0031257,SEA,1,1.14,2.5
2017091010,00-0031381,GB,1,1.72,-2.5
2017091010,00-0032200,GB,1,2.29,-2.5
2017091011,00-0026153,CAR,1,1.08,-4.5
2017091011,00-0026345,SF,2,1.82,4.5
2017091011,00-0030147,CAR,1,1.13,-4.5
2017091011,00-0031359,CAR,1,1.38,-4.5
2017091012,00-0022127,DAL,1,1.54,-5.5
2017091012,00-0027902,DAL,1,1.66,-5.5
2017091012,00-0030516,DAL,1,1.23,-5.5
2017091012,00-0030542,DAL,1,1.35,-5.5
2017091012,00-0032659,NYG,1,1.00,5.5
2017091012,00-0033045,DAL,1,1.00,-5.5
2017091100,00-0025396,NO,1,1.38,3
2017091100,00-0027981,MIN,1,1.73,-3
2017091100,00-0029572,MIN,1,1.20,-3
2017091100,00-0029697,NO,2,1.70,3
2017091100,00-0030035,MIN,4,1.10,-3
2017091100,00-0031376,MIN,1,1.29,-3
2017091100,00-0031588,MIN,4,1.82,-3
2017091101,00-0027685,DEN,1,1.61,-3
2017091101,00-0027874,DEN,1,2.09,-3
2017091101,00-0028142,DEN,1,1.09,-3
2017091101,00-0030670,DEN,2,1.20,-3
2017091400,00-0027942,CIN,1,1.78,-5.5
2017091400,00-0030549,CIN,1,1.67,-5.5
2017091400,00-0030564,HOU,1,1.74,5.5
2017091400,00-0032543,CIN,1,1.00,-5.5
2017091700,00-0022943,BAL,2,1.50,-7.5
2017091700,00-0026995,BAL,1,1.62,-7.5
2017091700,00-0031533,CLE,1,1.00,7.5
2017091700,00-0031577,BAL,1,1.40,-7.5
2017091700,00-0032257,CLE,1,1.23,7.5
2017091700,00-0032977,CLE,2,1.00,7.5
2017091700,00-0033079,CLE,1,1.00,7.5
2017091700,00-0033080,CLE,1,1.00,7.5
2017091700,00-0033885,CLE,1,1.00,7.5
2017091701,00-0027675,CAR,1,1.33,-6.5
2017091701,00-0032055,CAR,2,1.50,-6.5
2017091702,00-0029336,ARI,1,1.00,-6.5
2017091702,00-0029740,ARI,1,1.00,-6.5
2017091702,00-0029793,IND,1,1.00,6.5
2017091702,00-0030287,ARI,1,1.36,-6.5
2017091702,00-0030300,ARI,3,1.27,-6.5
2017091702,00-0032112,ARI,2,2.17,-6.5
2017091703,00-0029580,TEN,1,1.47,-1.5
2017091704,00-0027996,PHI,2,1.43,4
2017091704,00-0029137,PHI,1,1.90,4
2017091704,00-0030061,PHI,1,1.52,4
2017091704,00-0030506,KC,2,1.39,-4
2017091704,00-0031549,PHI,1,1.38,4
2017091704,00-0032128,KC,1,1.50,-4
2017091705,00-0027656,NE,2,1.93,-5.5
2017091705,00-0028237,NE,3,1.44,-5.5
2017091705,00-0029697,NO,2,1.73,5.5
2017091705,00-0030288,NE,1,1.00,-5.5
2017091705,00-0030801,NO,3,1.08,5.5
2017091705,00-0031062,NE,2,1.50,-5.5
2017091705,00-0031236,NE,1,1.33,-5.5
2017091705,00-0032208,NE,2,1.33,-5.5
2017091705,00-0032765,NO,2,2.11,5.5
2017091705,00-0033906,NO,1,2.00,5.5
2017091706,00-0027793,PIT,1,2.10,-8.5
2017091706,00-0027981,MIN,1,1.73,8.5
2017091706,00-0030035,MIN,1,1.18,8.5
2017091706,00-0031373,PIT,2,1.83,-8.5
2017091706,00-0031588,MIN,1,1.92,8.5
2017091707,00-0026189,TB,1,1.44,-7
2017091707,00-0029388,CHI,2,1.50,7
2017091707,00-0031408,TB,1,1.58,-7
2017091708,00-0030085,MIA,1,1.06,3.5
2017091708,00-0031547,MIA,2,1.58,3.5
2017091709,00-0026184,NYJ,1,1.31,14
2017091709,00-0026986,OAK,5,1.51,-14
2017091709,00-0029159,NYJ,2,1.50,14
2017091709,00-0033025,OAK,1,1.00,-14
2017091710,00-0022127,DAL,1,1.53,-2.5
2017091710,00-0027685,DEN,3,1.60,2.5
2017091710,00-0027874,DEN,1,2.09,2.5
2017091710,00-0027902,DAL,1,1.68,-2.5
2017091710,00-0028142,DEN,1,1.09,2.5
2017091710,00-0029854,DEN,1,1.44,2.5
2017091711,00-0028825,WAS,1,1.54,3
2017091711,00-0031068,WAS,1,1.14,3
2017091711,00-0031325,LA,1,1.44,-3
2017091711,00-0031941,WAS,1,1.57,3
2017091711,00-0032241,LA,2,1.50,-3
2017091712,00-0031257,SEA,1,1.13,-13.5
2017091712,00-0032211,SEA,1,1.10,-13.5
2017091713,00-0027944,ATL,2,1.93,-3
2017091713,00-0029632,ATL,3,1.36,-3
2017091713,00-0031381,GB,1,1.72,3
2017091713,00-0032058,ATL,1,1.17,-3
2017091713,00-0032200,GB,3,2.29,3
2017091800,00-0027994,NYG,1,1.58,-3
2017091800,00-0029293,DET,1,1.38,3
2017091800,00-0031387,DET,1,1.00,3
2017091800,00-0032429,NYG,1,1.00,-3
2017092100,00-0026345,SF,2,1.82,3
2017092100,00-0028903,SF,1,1.22,3
2017092100,00-0029892,SF,1,1.28,3
2017092100,00-0030068,SF,1,1.00,3
2017092100,00-0030431,LA,3,1.32,-3
2017092100,00-0031325,LA,4,1.44,-3
2017092100,00-0032241,LA,2,1.44,-3
2017092100,00-0033292,SF,1,1.00,3
2017092400,00-0022943,BAL,1,1.50,-3
2017092401,00-0027685,DEN,2,1.63,-3.5
2017092401,00-0027874,DEN,3,2.09,-3.5
2017092401,00-0028112,BUF,1,1.45,3.5
2017092401,00-0028263,BUF,1,1.08,3.5
2017092401,00-0030670,DEN,1,1.29,-3.5
2017092401,00-0031299,BUF,2,1.63,3.5
2017092401,00-0032117,BUF,1,1.00,3.5
2017092402,00-0025396,NO,1,1.39,5
2017092402,00-0027966,NO,1,1.17,5
2017092402,00-0029697,NO,1,1.71,5
2017092402,00-0030801,NO,1,1.07,5
2017092402,00-0032055,CAR,1,1.47,-5
2017092402,00-0032765,NO,2,2.10,5
2017092402,00-0033280,CAR,1,1.00,-5
2017092403,00-0027793,PIT,3,2.08,-7
2017092403,00-0033857,PIT,1,2.00,-7
2017092404,00-0027891,DET,1,1.54,3
2017092404,00-0029632,ATL,1,1.36,-3
2017092404,00-0031189,DET,2,1.50,3
2017092404,00-0031228,ATL,1,1.33,-3
2017092404,00-0032058,ATL,1,1.15,-3
2017092404,00-0032104,DET,1,1.17,3
2017092405,00-0027006,CLE,2,1.47,-1
2017092405,00-0029608,IND,4,1.71,1
2017092405,00-0031339,IND,1,1.35,1
2017092405,00-0032257,CLE,2,1.23,-1
2017092405,00-0033080,CLE,1,1.00,-1
2017092405,00-0033885,CLE,1,1.00,-1
2017092406,00-0026189,TB,2,1.44,-1
2017092406,00-0029572,MIN,1,1.20,1
2017092406,00-0030035,MIN,1,1.18,1
2017092406,00-0031273,TB,1,1.60,-1
2017092406,00-0031588,MIN,3,1.92,1
2017092406,00-0033893,MIN,1,2.00,1
2017092407,00-0026035,NE,1,1.55,-13.5
2017092407,00-0027656,NE,2,1.92,-13.5
2017092407,00-0028237,NE,2,1.53,-13.5
2017092407,00-0030108,HOU,2,1.08,13.5
2017092407,00-0030564,HOU,1,1.74,13.5
2017092407,00-0031236,NE,3,1.33,-13.5
2017092407,00-0031326,HOU,1,1.67,13.5
2017092408,00-0031547,MIA,2,1.54,-5.5
2017092408,00-0032688,NYJ,2,1.17,5.5
2017092408,00-0033916,NYJ,1,1.00,5.5
2017092409,00-0030061,PHI,1,1.50,-5
2017092409,00-0031235,NYG,2,2.09,5
2017092409,00-0032385,NYG,1,1.36,5
2017092410,00-0027696,SEA,1,1.90,2.5
2017092410,00-0028434,SEA,2,1.74,2.5
2017092410,00-0029580,TEN,1,1.50,-2.5
2017092410,00-0030089,SEA,1,1.33,2.5
2017092410,00-0031257,SEA,2,1.11,2.5
2017092410,00-0032393,SEA,1,1.00,2.5
2017092410,00-0033594,SEA,1,1.00,2.5
2017092411,00-0026176,GB,3,1.81,-7
2017092411,00-0027942,CIN,2,1.78,7
2017092411,00-0027985,GB,2,1.13,-7
2017092411,00-0030456,CIN,1,1.15,7
2017092411,00-0031381,GB,1,1.73,-7
2017092411,00-0032626,GB,1,1.20,-7
2017092412,00-0030669,KC,1,1.33,-3
2017092412,00-0033040,KC,1,1.50,-3
2017092413,00-0024221,WAS,2,1.31,3
2017092413,00-0027061,OAK,1,1.43,-3
2017092413,00-0030404,WAS,3,1.27,3
2017092413,00-0031941,WAS,1,1.57,3
2017092413,00-0032760,WAS,1,2.00,3
2017092500,00-0022921,ARI,4,1.92,3
2017092500,00-0027873,ARI,1,1.31,3
2017092500,00-0027902,DAL,1,1.70,-3
2017092500,00-0029336,ARI,1,1.00,3
2017092500,00-0030287,ARI,1,1.33,3
2017092500,00-0030300,ARI,1,1.33,3
2017092500,00-0030516,DAL,2,1.23,-3
2017092500,00-0030542,DAL,1,1.35,-3
2017092800,00-0026176,GB,3,1.84,-7
2017092800,00-0026201,GB,1,1.63,-7
2017092800,00-0027125,CHI,1,1.33,7
2017092800,00-0028002,GB,2,1.89,-7
2017092800,00-0029708,CHI,2,1.41,7
2017092800,00-0031381,GB,1,1.77,-7
2017100100,00-0025396,NO,1,1.39,-4
2017100100,00-0028067,MIA,1,1.82,4
2017100100,00-0030801,NO,1,1.07,-4
2017100100,00-0031547,MIA,1,1.50,4
2017100100,00-0032765,NO,2,2.09,-4
2017100100,00-0033906,NO,1,2.00,-4
2017100101,00-0028112,BUF,2,1.46,8
2017100101,00-0031299,BUF,1,1.63,8
2017100101,00-0031570,ATL,1,1.23,-8
2017100101,00-0032058,ATL,1,1.15,-8
2017100102,00-0026901,BAL,1,1.41,3.5
2017100102,00-0031373,PIT,1,1.85,-3.5
2017100102,00-0033857,PIT,1,2.00,-3.5
2017100103,00-0027006,CLE,1,1.45,3.5
2017100103,00-0027942,CIN,2,1.77,-3.5
2017100103,00-0030456,CIN,1,1.14,-3.5
2017100103,00-0032214,CIN,3,1.00,-3.5
2017100103,00-0033079,CLE,1,1.00,3.5
2017100104,00-0027902,DAL,1,1.69,-5.5
2017100104,00-0029634,DAL,1,1.00,-5.5
2017100104,00-0030516,DAL,1,1.23,-5.5
2017100104,00-0032241,LA,1,1.50,5.5
2017100104,00-0033045,DAL,2,1.00,-5.5
2017100104,00-0033110,LA,1,1.00,5.5
2017100104,00-0033908,LA,2,1.00,5.5
2017100105,00-0024389,TEN,2,1.53,-2.5
2017100105,00-0029580,TEN,1,1.48,-2.5
2017100105,00-0029615,HOU,2,1.25,2.5
2017100105,00-0030564,HOU,2,1.74,2.5
2017100105,00-0031326,HOU,1,1.67,2.5
2017100105,00-0033127,HOU,2,1.43,2.5
2017100106,00-0029293,DET,1,1.38,2.5
2017100106,00-0030035,MIN,1,1.17,-2.5
2017100106,00-0031588,MIN,3,1.92,-2.5
2017100107,00-0026035,NE,1,1.55,-9
2017100107,00-0027656,NE,1,1.92,-9
2017100107,00-0027675,CAR,2,1.33,9
2017100107,00-0028237,NE,2,1.55,-9
2017100107,00-0029731,CAR,1,1.00,9
2017100107,00-0031359,CAR,2,1.35,9
2017100107,00-0032055,CAR,2,1.47,9
2017100108,00-0031418,NYJ,1,1.42,4
2017100108,00-0032688,NYJ,1,1.17,4
2017100109,00-0022921,ARI,1,1.94,-6.5
2017100109,00-0028116,SF,1,1.13,6.5
2017100109,00-0030287,ARI,1,1.31,-6.5
2017100109,00-0030300,ARI,1,1.38,-6.5
2017100109,00-0033288,SF,1,1.00,6.5
2017100110,00-0027325,PHI,1,1.00,2
2017100110,00-0029137,PHI,1,1.90,2
2017100110,00-0030061,PHI,1,1.52,2
2017100110,00-0031549,PHI,1,1.33,2
2017100110,00-0032782,PHI,1,1.00,2
2017100111,00-0029587,NYG,1,1.08,2.5
2017100111,00-0031235,NYG,1,2.12,2.5
2017100111,00-0031273,TB,3,1.56,-2.5
2017100111,00-0031408,TB,2,1.59,-2.5
2017100111,00-0032009,TB,1,1.20,-2.5
2017100111,00-0033881,NYG,1,2.00,2.5
2017100112,00-0027061,OAK,1,1.43,3.5
2017100112,00-0031166,OAK,1,1.57,3.5
2017100112,00-0031609,DEN,2,1.00,-3.5
2017100112,00-0033025,OAK,1,1.00,3.5
2017100113,00-0027696,SEA,1,1.90,-12
2017100113,00-0028434,SEA,1,1.74,-12
2017100113,00-0029793,IND,1,1.00,12
2017100113,00-0030089,SEA,1,1.30,-12
2017100113,00-0031257,SEA,2,1.30,-12
2017100113,00-0031339,IND,1,1.35,12
2017100113,00-0032211,SEA,1,1.09,-12
2017100200,00-0024221,WAS,2,1.30,6.5
2017100200,00-0028825,WAS,1,1.54,6.5
2017100200,00-0030506,KC,4,1.44,-6.5
2017100200,00-0030669,KC,1,1.38,-6.5
2017100200,00-0031068,WAS,1,1.13,6.5
2017100200,00-0032128,KC,1,1.50,-6.5
2017100200,00-0032760,WAS,1,2.00,6.5
2017100500,00-0026189,TB,3,1.44,3.5
2017100500,00-0028237,NE,1,1.62,-3.5
2017100500,00-0031062,NE,1,1.43,-3.5
2017100500,00-0031236,NE,1,1.32,-3.5
2017100500,00-0031273,TB,1,1.59,3.5
2017100500,00-0032009,TB,1,1.20,3.5
2017100800,00-0027057,BUF,1,1.00,3
2017100800,00-0027942,CIN,3,1.76,-3
2017100800,00-0028112,BUF,1,1.46,3
2017100800,00-0032134,CIN,1,1.50,-3
2017100801,00-0029159,NYJ,1,1.47,-1.5
2017100801,00-0031418,NYJ,1,1.42,-1.5
2017100801,00-0032257,CLE,1,1.23,1.5
2017100801,00-0033079,CLE,2,1.00,1.5
2017100801,00-0033885,CLE,1,1.00,1.5
2017100802,00-0026153,CAR,1,1.08,2
2017100802,00-0027675,CAR,3,1.33,2
2017100802,00-0027891,DET,1,1.54,-2
2017100802,00-0029738,DET,2,1.17,-2
2017100802,00-0030107,DET,1,1.68,-2
2017100802,00-0031021,DET,1,1.00,-2
2017100802,00-0031359,CAR,1,1.35,2
2017100802,00-0032055,CAR,1,1.55,2
2017100802,00-0033280,CAR,1,1.00,2
2017100803,00-0023500,IND,1,1.43,1
2017100803,00-0026345,SF,1,1.80,-1
2017100803,00-0029608,IND,3,1.71,1
2017100803,00-0029892,SF,1,1.28,-1
2017100803,00-0030068,SF,2,1.11,-1
2017100803,00-0033288,SF,2,1.00,-1
2017100804,00-0028987,TEN,1,1.00,-1
2017100804,00-0031382,MIA,1,1.65,1
2017100805,00-0031235,NYG,1,2.09,-3
2017100805,00-0032659,NYG,1,1.00,-3
2017100806,00-0027996,PHI,1,1.42,-6
2017100806,00-0030061,PHI,1,1.52,-6
2017100806,00-0030300,ARI,1,1.36,6
2017100806,00-0030710,PHI,1,1.29,-6
2017100806,00-0031051,ARI,1,1.30,6
2017100806,00-0031549,PHI,1,1.32,-6
2017100806,00-0032112,ARI,1,2.14,6
2017100807,00-0027793,PIT,3,2.08,-7
2017100807,00-0033857,PIT,1,1.67,-7
2017100808,00-0027696,SEA,1,1.89,2
2017100808,00-0030431,LA,1,1.33,-2
2017100808,00-0033110,LA,3,1.00,-2
2017100809,00-0026901,BAL,3,1.43,3
2017100809,00-0026986,OAK,1,1.52,-3
2017100809,00-0031166,OAK,1,1.57,-3
2017100810,00-0026176,GB,1,1.84,2.5
2017100810,00-0026201,GB,1,1.65,2.5
2017100810,00-0027902,DAL,1,1.69,-2.5
2017100810,00-0027985,GB,1,1.15,2.5
2017100810,00-0029000,DAL,2,1.45,-2.5
2017100810,00-0030516,DAL,2,1.21,-2.5
2017100810,00-0031381,GB,2,1.81,2.5
2017100811,00-0030506,KC,2,1.42,-1.5
2017100811,00-0030564,HOU,3,1.75,1.5
2017100811,00-0030668,KC,2,1.42,-1.5
2017100811,00-0031060,KC,1,1.25,-1.5
2017100811,00-0031326,HOU,1,1.67,1.5
2017100811,00-0032725,HOU,2,1.00,1.5
2017100811,00-0033040,KC,1,1.45,-1.5
2017100811,00-0033127,HOU,2,1.50,1.5
2017100900,00-0027125,CHI,1,1.33,3.5
2017100900,00-0027981,MIN,1,1.71,-3.5
2017100900,00-0029795,CHI,1,1.40,3.5
2017101200,00-0029137,PHI,1,1.86,3
2017101200,00-0030061,PHI,2,1.56,3
2017101200,00-0031549,PHI,2,1.32,3
2017101200,00-0032055,CAR,1,1.52,-3
2017101200,00-0033280,CAR,1,1.25,-3
2017101500,00-0030085,MIA,1,1.05,14
2017101500,00-0031382,MIA,1,1.63,14
2017101500,00-0031570,ATL,1,1.21,-14
2017101501,00-0027125,CHI,1,1.32,5
2017101501,00-0030422,CHI,1,1.23,5
2017101502,00-0029615,HOU,1,1.24,-7
2017101502,00-0030108,HOU,1,1.13,-7
2017101502,00-0030564,HOU,1,1.76,-7
2017101502,00-0033069,HOU,1,2.20,-7
2017101502,00-0033080,CLE,1,1.00,7
2017101502,00-0033127,HOU,2,1.56,-7
2017101503,00-0026176,GB,1,1.85,-3
2017101503,00-0030035,MIN,2,1.15,3
2017101503,00-0031376,MIN,1,1.25,3
2017101503,00-0031381,GB,1,1.85,-3
2017101503,00-0032951,MIN,1,1.00,3
2017101504,00-0025396,NO,2,1.39,-5.5
2017101504,00-0027732,NO,2,1.31,-5.5
2017101504,00-0027891,DET,1,1.53,5.5
2017101504,00-0029293,DET,2,1.38,5.5
2017101504,00-0029738,DET,1,1.29,5.5
2017101504,00-0030801,NO,1,1.07,-5.5
2017101504,00-0031189,DET,1,1.75,5.5
2017101505,00-0027656,NE,3,1.90,-9.5
2017101505,00-0028091,NYJ,2,1.31,9.5
2017101505,00-0029159,NYJ,1,1.47,9.5
2017101505,00-0031236,NE,1,1.32,-9.5
2017101505,00-0031418,NYJ,1,1.38,9.5
2017101505,00-0032688,NYJ,2,1.17,9.5
2017101506,00-0024221,WAS,1,1.30,-11.5
2017101506,00-0026345,SF,1,1.80,11.5
2017101506,00-0028116,SF,2,1.13,11.5
2017101506,00-0030404,WAS,3,1.27,-11.5
2017101506,00-0032760,WAS,1,2.00,-11.5
2017101506,00-0033288,SF,1,2.00,11.5
2017101507,00-0022921,ARI,4,1.94,2.5
2017101507,00-0026189,TB,2,1.44,-2.5
2017101507,00-0030300,ARI,1,1.36,2.5
2017101507,00-0031044,ARI,1,1.50,2.5
2017101507,00-0031051,ARI,2,1.29,2.5
2017101507,00-0031273,TB,2,1.67,-2.5
2017101507,00-0031390,TB,1,1.22,-2.5
2017101507,00-0031408,TB,2,1.61,-2.5
2017101507,00-0032009,TB,1,1.20,-2.5
2017101508,00-0030431,LA,2,1.33,-1
2017101508,00-0033895,LA,1,1.50,-1
2017101508,00-0033908,LA,1,1.60,-1
2017101509,00-0027793,PIT,3,2.08,3.5
2017101509,00-0030470,PIT,1,1.07,3.5
2017101509,00-0030506,KC,1,1.44,-3.5
2017101509,00-0031060,KC,1,1.23,-3.5
2017101509,00-0031373,PIT,1,1.79,3.5
2017101509,00-0033923,KC,2,1.00,-3.5
2017101510,00-0026986,OAK,1,1.51,-3
2017101511,00-0027685,DEN,1,1.63,-13.5
2017101511,00-0027874,DEN,3,2.06,-13.5
2017101511,00-0028142,DEN,1,1.17,-13.5
2017101511,00-0032972,DEN,2,1.50,-13.5
2017101511,00-0033881,NYG,3,2.00,13.5
2017101600,00-0027690,TEN,2,1.85,-6.5
2017101600,00-0029580,TEN,1,1.48,-6.5
2017101600,00-0030181,IND,1,1.43,6.5
2017101600,00-0031339,IND,1,1.33,6.5
2017101900,00-0026986,OAK,1,1.51,3
2017101900,00-0027061,OAK,2,1.43,3
2017101900,00-0030506,KC,1,1.44,-3
2017101900,00-0030669,KC,1,1.33,-3
2017101900,00-0031544,OAK,4,1.35,3
2017101900,00-0032775,KC,1,3.00,-3
2017101900,00-0033040,KC,2,1.45,-3
2017102200,00-0026189,TB,1,1.45,3
2017102200,00-0029388,BUF,3,1.63,-3
2017102200,00-0031260,BUF,1,1.00,-3
2017102200,00-0031408,TB,2,1.65,3
2017102200,00-0032117,BUF,2,1.00,-3
2017102200,00-0033879,TB,3,1.00,3
2017102201,00-0027125,CHI,1,1.32,2.5
2017102201,00-0031359,CAR,1,1.32,-2.5
2017102201,00-0032055,CAR,1,1.52,-2.5
2017102201,00-0033280,CAR,1,1.40,-2.5
2017102201,00-0033556,CHI,1,1.50,2.5
2017102202,00-0033885,CLE,2,1.00,6
2017102203,00-0025396,NO,2,1.42,-3.5
2017102203,00-0030801,NO,1,1.07,-3.5
2017102203,00-0032765,NO,2,2.00,-3.5
2017102203,00-0033906,NO,1,3.00,-3.5
2017102204,00-0031339,IND,1,1.41,3
2017102205,00-0030117,ARI,1,1.50,3
2017102205,00-0030300,ARI,1,1.36,3
2017102205,00-0032112,ARI,1,2.14,3
2017102205,00-0032241,LA,1,1.42,-3
2017102205,00-0033908,LA,1,1.60,-3
2017102206,00-0024268,MIA,2,1.46,-3
2017102206,00-0026184,NYJ,1,1.33,3
2017102206,00-0028064,NYJ,1,1.25,3
2017102206,00-0028067,MIA,2,1.77,-3
2017102206,00-0029159,NYJ,1,1.47,3
2017102206,00-0030085,MIA,3,1.05,-3
2017102206,00-0031382,MIA,2,1.61,-3
2017102206,00-0031418,NYJ,1,1.43,3
2017102206,00-0032688,NYJ,1,1.29,3
2017102206,00-0033060,MIA,1,1.00,-3
2017102207,00-0022943,BAL,1,1.51,5.5
2017102207,00-0029572,MIN,1,1.19,-5.5
2017102207,00-0032398,BAL,2,1.00,5.5
2017102208,00-0026983,PIT,1,1.42,-4.5
2017102208,00-0027681,CIN,1,1.50,4.5
2017102208,00-0027793,PIT,2,2.06,-4.5
2017102208,00-0030470,PIT,1,1.07,-4.5
2017102208,00-0030496,PIT,2,1.55,-4.5
2017102208,00-0032214,CIN,1,1.25,4.5
2017102208,00-0032543,CIN,1,1.00,4.5
2017102208,00-0033857,PIT,1,1.75,-4.5
2017102209,00-0022127,DAL,1,1.53,-6
2017102209,00-0027902,DAL,2,1.69,-6
2017102209,00-0029000,DAL,1,1.50,-6
2017102209,00-0030068,SF,1,1.18,6
2017102209,00-0033045,DAL,1,1.00,-6
2017102210,00-0031609,DEN,1,1.00,-1
2017102211,00-0027696,SEA,3,1.89,-3.5
2017102211,00-0028434,SEA,2,1.73,-3.5
2017102211,00-0031257,SEA,2,1.30,-3.5
2017102211,00-0033881,NYG,2,1.50,3.5
2017102212,00-0027656,NE,1,1.92,-2.5
2017102212,00-0027944,ATL,1,1.89,2.5
2017102212,00-0028237,NE,2,1.59,-2.5
2017102212,00-0031062,NE,1,1.44,-2.5
2017102212,00-0031236,NE,2,1.32,-2.5
2017102212,00-0031570,ATL,1,1.21,2.5
2017102300,00-0024221,WAS,2,1.30,5.5
2017102300,00-0028093,WAS,1,1.20,5.5
2017102300,00-0029137,PHI,1,1.86,-5.5
2017102300,00-0030061,PHI,3,1.58,-5.5
2017102300,00-0030404,WAS,1,1.27,5.5
2017102300,00-0030472,WAS,3,1.87,5.5
2017102300,00-0031549,PHI,1,1.30,-5.5
2017102300,00-0031941,WAS,1,1.59,5.5
2017102600,00-0022943,BAL,1,1.50,-3
2017102600,00-0026995,BAL,1,1.60,-3
2017102600,00-0030085,MIA,2,1.09,3
2017102600,00-0032426,BAL,1,1.00,-3
2017102900,00-0027981,MIN,1,1.70,-11
2017102900,00-0030035,MIN,3,1.13,-11
2017102900,00-0030656,CLE,1,1.29,11
2017102900,00-0031376,MIN,1,1.25,-11
2017102900,00-0032951,MIN,1,1.00,-11
2017102900,00-0033079,CLE,1,1.00,11
2017102901,00-0026986,OAK,2,1.52,2
2017102901,00-0027057,BUF,1,1.00,-2
2017102901,00-0028097,OAK,1,1.00,2
2017102901,00-0028263,BUF,2,1.08,-2
2017102901,00-0032940,OAK,1,1.50,2
2017102901,00-0033891,BUF,1,1.67,-2
2017102902,00-0027942,CIN,1,1.76,-10.5
2017102902,00-0028497,IND,1,1.21,10.5
2017102902,00-0030181,IND,1,1.41,10.5
2017102902,00-0033897,CIN,1,1.00,-10.5
2017102903,00-0027656,NE,2,1.92,-6.5
2017102903,00-0031062,NE,1,1.47,-6.5
2017102904,00-0025396,NO,1,1.42,-7.5
2017102904,00-0030801,NO,1,1.06,-7.5
2017102904,00-0032123,CHI,3,1.00,7.5
2017102904,00-0032765,NO,2,1.92,-7.5
2017102904,00-0033906,NO,1,2.67,-7.5
2017102905,00-0027944,ATL,1,1.93,-6.5
2017102905,00-0029632,ATL,2,1.40,-6.5
2017102905,00-0031285,ATL,1,1.46,-6.5
2017102905,00-0032058,ATL,1,1.14,-6.5
2017102905,00-0032392,ATL,2,1.38,-6.5
2017102905,00-0032688,NYJ,3,1.25,6.5
2017102906,00-0028903,SF,1,1.30,12.5
2017102906,00-0029137,PHI,1,1.84,-12.5
2017102906,00-0030061,PHI,1,1.56,-12.5
2017102906,00-0033288,SF,1,2.25,12.5
2017102906,00-0033308,SF,1,1.00,12.5
2017102907,00-0031273,TB,1,1.65,1.5
2017102907,00-0031359,CAR,1,1.32,-1.5
2017102908,00-0027696,SEA,2,1.90,-6
2017102908,00-0029615,HOU,1,1.24,6
2017102908,00-0030564,HOU,6,1.74,6
2017102908,00-0031257,SEA,3,1.30,-6
2017102908,00-0032211,SEA,2,1.08,-6
2017102908,00-0032472,SEA,1,1.00,-6
2017102908,00-0032475,SEA,1,1.00,-6
2017102908,00-0033127,HOU,3,1.56,6
2017102909,00-0030404,WAS,1,1.25,3
2017102909,00-0030542,DAL,1,1.36,-3
2017102909,00-0031068,WAS,1,1.11,3
2017102909,00-0031941,WAS,2,1.57,3
2017102909,00-0032760,WAS,1,1.75,3
2017102910,00-0027793,PIT,1,2.06,-3
2017102910,00-0027891,DET,1,1.53,3
2017102910,00-0029293,DET,2,1.43,3
2017102910,00-0030107,DET,1,1.63,3
2017102910,00-0031189,DET,3,1.75,3
2017102910,00-0031387,DET,1,1.05,3
2017102910,00-0032135,PIT,1,1.54,-3
2017102910,00-0033857,PIT,2,1.75,-3
2017103000,00-0027874,DEN,1,2.06,7
2017103000,00-0030506,KC,2,1.43,-7
2017103000,00-0030670,DEN,1,1.44,7
2017103000,00-0031609,DEN,1,1.00,7
2017103000,00-0033040,KC,1,1.45,-7
2017110200,00-0029159,NYJ,1,1.47,3
2017110200,00-0029388,BUF,1,1.63,-3
2017110200,00-0031260,BUF,1,1.00,-3
2017110200,00-0032117,BUF,1,1.00,-3
2017110200,00-0032688,NYJ,1,1.25,3
2017110200,00-0033891,BUF,1,1.67,-3
2017110500,00-0027944,ATL,3,1.94,-3
2017110500,00-0029632,ATL,1,1.39,-3
2017110500,00-0031228,ATL,1,1.42,-3
2017110500,00-0032055,CAR,2,1.50,3
2017110500,00-0032058,ATL,1,1.14,-3
2017110501,00-0029608,IND,3,1.68,6
2017110501,00-0030564,HOU,1,1.74,-6
2017110501,00-0033127,HOU,1,1.50,-6
2017110502,00-0032214,CIN,2,1.20,6
2017110503,00-0025396,NO,1,1.42,-6.5
2017110503,00-0028042,TB,1,1.14,6.5
2017110503,00-0029697,NO,1,1.71,-6.5
2017110503,00-0032765,NO,1,1.92,-6.5
2017110503,00-0033906,NO,1,2.67,-6.5
2017110504,00-0030091,NYG,1,1.00,6
2017110504,00-0030431,LA,2,1.33,-6
2017110504,00-0031325,LA,1,1.44,-6
2017110504,00-0032241,LA,1,1.38,-6
2017110504,00-0032385,NYG,1,1.58,6
2017110504,00-0033110,LA,1,1.00,-6
2017110504,00-0033881,NYG,3,1.33,6
2017110504,00-0033895,LA,1,1.33,-6
2017110504,00-0033908,LA,1,2.17,-6
2017110505,00-0027685,DEN,1,1.63,7
2017110505,00-0027874,DEN,1,2.04,7
2017110505,00-0029137,PHI,2,1.84,-7
2017110505,00-0030710,PHI,1,1.25,-7
2017110505,00-0031344,DEN,1,1.25,7
2017110505,00-0031549,PHI,1,1.29,-7
2017110505,00-0033725,PHI,1,1.00,-7
2017110506,00-0024389,TEN,2,1.53,-3
2017110506,00-0026901,BAL,1,1.42,3
2017110506,00-0027690,TEN,1,1.85,-3
2017110506,00-0029580,TEN,2,1.45,-3
2017110506,00-0031577,BAL,1,1.45,3
2017110506,00-0033871,TEN,1,1.00,-3
2017110507,00-0022921,ARI,2,1.93,-2.5
2017110507,00-0027873,ARI,1,1.32,-2.5
2017110507,00-0030068,SF,1,1.25,2.5
2017110507,00-0030300,ARI,1,1.36,-2.5
2017110507,00-0031051,ARI,1,1.27,-2.5
2017110507,00-0033307,SF,1,1.00,2.5
2017110508,00-0024221,WAS,1,1.30,8
2017110508,00-0027696,SEA,1,1.93,-8
2017110508,00-0028434,SEA,3,1.71,-8
2017110508,00-0029640,WAS,1,1.32,8
2017110508,00-0030089,SEA,1,1.25,-8
2017110508,00-0031068,WAS,1,1.11,8
2017110508,00-0031257,SEA,1,1.55,-8
2017110508,00-0031897,SEA,1,1.00,-8
2017110508,00-0032760,WAS,1,1.60,8
2017110509,00-0027902,DAL,1,1.72,-2.5
2017110509,00-0029000,DAL,2,1.50,-2.5
2017110509,00-0030506,KC,2,1.42,2.5
2017110509,00-0030542,DAL,2,1.36,-2.5
2017110509,00-0031060,KC,1,1.23,2.5
2017110509,00-0033040,KC,1,1.42,2.5
2017110510,00-0027061,OAK,2,1.42,-3
2017110510,00-0028067,MIA,2,1.77,3
2017110510,00-0030874,MIA,1,1.06,3
2017110510,00-0031166,OAK,1,1.57,-3
2017110510,00-0031382,MIA,1,1.59,3
2017110510,00-0031544,OAK,2,1.35,-3
2017110510,00-0031547,MIA,1,1.50,3
2017110600,00-0027891,DET,2,1.52,-2.5
2017110600,00-0027985,GB,1,1.15,2.5
2017110600,00-0028002,GB,1,1.87,2.5
2017110600,00-0029293,DET,3,1.50,-2.5
2017110600,00-0030107,DET,1,1.61,-2.5
2017110900,00-0027696,SEA,2,1.92,-6
2017110900,00-0027873,ARI,2,1.33,6
2017110900,00-0028434,SEA,1,1.71,-6
2017110900,00-0031257,SEA,1,1.55,-6
2017111200,00-0030801,NO,1,1.06,-2
2017111200,00-0031359,BUF,1,1.34,2
2017111200,00-0032117,BUF,1,1.00,2
2017111200,00-0032765,NO,3,1.92,-2
2017111201,00-0028002,GB,1,1.87,4.5
2017111201,00-0028411,CHI,1,1.63,-4.5
2017111201,00-0029319,CHI,1,1.13,-4.5
2017111201,00-0029795,CHI,1,1.40,-4.5
2017111201,00-0031381,GB,2,1.86,4.5
2017111201,00-0033896,CHI,1,1.00,-4.5
2017111202,00-0027006,CLE,1,1.47,10
2017111202,00-0027891,DET,2,1.52,-10
2017111202,00-0029293,DET,1,1.51,-10
2017111202,00-0030107,DET,1,1.61,-10
2017111202,00-0031387,DET,1,1.09,-10
2017111202,00-0032166,CLE,1,1.25,10
2017111202,00-0033080,CLE,1,1.00,10
2017111202,00-0033932,DET,1,2.00,-10
2017111203,00-0027793,PIT,1,2.06,-10.5
2017111203,00-0030470,PIT,1,1.07,-10.5
2017111203,00-0031339,IND,1,1.41,10.5
2017111203,00-0032355,IND,1,1.25,10.5
2017111203,00-0033857,PIT,3,1.75,-10.5
2017111205,00-0026189,TB,1,1.45,1.5
2017111205,00-0031390,TB,1,1.22,1.5
2017111205,00-0031418,NYJ,1,1.40,-1.5
2017111205,00-0032688,NYJ,3,1.25,-1.5
2017111205,00-0033921,TB,1,1.00,1.5
2017111206,00-0024389,TEN,1,1.53,-4.5
2017111206,00-0027681,CIN,2,1.53,4.5
2017111206,00-0027942,CIN,1,1.78,4.5
2017111206,00-0028009,TEN,1,1.54,-4.5
2017111206,00-0029580,TEN,1,1.43,-4.5
2017111206,00-0033911,TEN,1,1.00,-4.5
2017111207,00-0029572,MIN,1,1.19,-1
2017111207,00-0030035,MIN,4,1.19,-1
2017111207,00-0030404,WAS,1,1.24,1
2017111207,00-0031588,MIN,2,1.92,-1
2017111207,00-0031941,WAS,2,1.57,1
2017111207,00-0033526,WAS,1,1.00,1
2017111208,00-0030431,LA,3,1.32,-12.5
2017111208,00-0030564,HOU,2,1.77,12.5
2017111208,00-0031325,LA,2,1.44,-12.5
2017111208,00-0031326,HOU,1,1.33,12.5
2017111208,00-0032241,LA,1,1.38,-12.5
2017111209,00-0022127,DAL,1,1.53,3.5
2017111209,00-0027944,ATL,1,1.94,-3.5
2017111209,00-0030516,DAL,1,1.25,3.5
2017111209,00-0031228,ATL,1,1.42,-3.5
2017111209,00-0031570,ATL,1,1.21,-3.5
2017111209,00-0032392,ATL,1,1.44,-3.5
2017111210,00-0027089,SF,1,1.50,3
2017111210,00-0028903,SF,1,1.27,3
2017111210,00-0030068,SF,1,1.23,3
2017111210,00-0032385,NYG,3,1.54,-3
2017111210,00-0032659,NYG,1,1.00,-3
2017111210,00-0033307,SF,1,1.00,3
2017111210,00-0033881,NYG,1,1.25,-3
2017111211,00-0026201,NE,1,1.65,-7
2017111211,00-0027656,NE,2,1.90,-7
2017111211,00-0027685,DEN,4,1.62,7
2017111211,00-0027874,DEN,1,2.06,7
2017111211,00-0029689,NE,1,1.27,-7
2017111211,00-0030288,NE,1,1.00,-7
2017111211,00-0031062,NE,1,1.44,-7
2017111211,00-0031236,NE,2,1.33,-7
2017111300,00-0027675,CAR,2,1.33,-8
2017111300,00-0028067,MIA,1,1.75,8
2017111300,00-0030085,MIA,1,1.09,8
2017111300,00-0031382,MIA,1,1.57,8
2017111300,00-0031547,MIA,1,1.50,8
2017111300,00-0032055,CAR,2,1.50,-8
2017111300,00-0033280,CAR,1,1.67,-8
2017111600,00-0024389,TEN,1,1.53,7
2017111600,00-0027690,TEN,1,1.84,7
2017111600,00-0027793,PIT,4,2.06,-7
2017111600,00-0029580,TEN,1,1.43,7
2017111600,00-0031373,PIT,1,1.69,-7
2017111600,00-0032135,PIT,1,1.50,-7
2017111900,00-0029293,DET,2,1.51,-3
2017111900,00-0031387,DET,1,1.09,-3
2017111900,00-0032104,DET,1,1.10,-3
2017111900,00-0033896,CHI,2,1.00,3
2017111900,00-0033932,DET,1,2.00,-3
2017111901,00-0032257,CLE,2,1.21,7
2017111901,00-0032966,CLE,1,1.00,7
2017111902,00-0022943,BAL,1,1.50,-2.5
2017111902,00-0026901,BAL,1,1.43,-2.5
2017111902,00-0031381,GB,2,1.89,2.5
2017111902,00-0032426,BAL,1,1.00,-2.5
2017111903,00-0022921,ARI,2,1.92,2.5
2017111903,00-0029615,HOU,1,1.23,-2.5
2017111903,00-0030300,ARI,1,1.38,2.5
2017111903,00-0030564,HOU,2,1.77,-2.5
2017111903,00-0031326,HOU,1,1.29,-2.5
2017111903,00-0032725,HOU,1,1.00,-2.5
2017111904,00-0027981,MIN,1,1.70,1.5
2017111904,00-0029572,MIN,1,1.18,1.5
2017111904,00-0030035,MIN,2,1.29,1.5
2017111904,00-0030431,LA,1,1.34,-1.5
2017111904,00-0033908,LA,1,2.14,-1.5
2017111905,00-0024221,WAS,2,1.32,9.5
2017111905,00-0025396,NO,2,1.42,-9.5
2017111905,00-0029697,NO,3,1.71,-9.5
2017111905,00-0030216,NO,1,1.09,-9.5
2017111905,00-0030404,WAS,1,1.28,9.5
2017111905,00-0031068,WAS,1,1.11,9.5
2017111905,00-0032760,WAS,2,1.50,9.5
2017111905,00-0032765,NO,1,1.92,-9.5
2017111905,00-0033906,NO,1,2.50,-9.5
2017111906,00-0030506,KC,3,1.43,-9.5
2017111906,00-0032659,NYG,1,1.25,9.5
2017111906,00-0033040,KC,1,1.42,-9.5
2017111907,00-0027029,BUF,1,1.43,7
2017111907,00-0031359,BUF,1,1.37,7
2017111907,00-0033891,BUF,1,1.50,7
2017111908,00-0027681,CIN,1,1.53,2.5
2017111908,00-0027874,DEN,1,2.04,-2.5
2017111908,00-0027942,CIN,1,1.78,2.5
2017111908,00-0031344,DEN,1,1.25,-2.5
2017111908,00-0032214,CIN,1,1.20,2.5
2017111908,00-0032543,CIN,1,1.00,2.5
2017111908,00-0032972,DEN,1,1.33,-2.5
2017111909,00-0026035,NE,1,1.57,-7
2017111909,00-0027061,OAK,1,1.42,7
2017111909,00-0028087,NE,1,1.11,-7
2017111909,00-0030578,OAK,1,1.30,7
2017111909,00-0031236,NE,2,1.32,-7
2017111909,00-0031544,OAK,1,1.35,7
2017111910,00-0025549,PHI,1,1.45,-6
2017111910,00-0027996,PHI,1,1.41,-6
2017111910,00-0029137,PHI,2,1.82,-6
2017111910,00-0030465,PHI,1,1.00,-6
2017111911,00-0026189,TB,2,1.45,-1
2017111911,00-0030085,MIA,3,1.09,1
2017111911,00-0030874,MIA,1,1.05,1
2017111911,00-0031382,MIA,2,1.58,1
2017111911,00-0031408,TB,1,1.63,-1
2017111911,00-0033879,TB,3,1.00,-1
2017111911,00-0033921,TB,1,1.00,-1
2017112000,00-0027696,SEA,1,1.95,1
2017112000,00-0027944,ATL,1,1.94,-1
2017112000,00-0028434,SEA,1,1.71,1
2017112000,00-0029632,ATL,2,1.38,-1
2017112000,00-0030443,ATL,1,1.07,-1
2017112000,00-0032063,SEA,2,1.67,1
2017112300,00-0027981,MIN,3,1.70,-2.5
2017112300,00-0029293,DET,3,1.51,2.5
2017112300,00-0031376,MIN,1,1.22,-2.5
2017112300,00-0031588,MIN,1,1.93,-2.5
2017112300,00-0033932,DET,2,2.00,2.5
2017112301,00-0030542,DAL,1,1.36,1
2017112302,00-0030091,NYG,1,1.00,7
2017112302,00-0031941,WAS,4,1.63,-7
2017112302,00-0032760,WAS,1,1.57,-7
2017112600,00-0027944,ATL,7,1.92,-10
2017112600,00-0029632,ATL,1,1.38,-10
2017112600,00-0031408,TB,1,1.62,10
2017112600,00-0032392,ATL,1,1.50,-10
2017112600,00-0033879,TB,1,1.00,10
2017112601,00-0027006,CLE,1,1.46,7.5
2017112601,00-0032214,CIN,1,1.17,-7.5
2017112601,00-0032257,CLE,1,1.21,7.5
2017112601,00-0032966,CLE,1,1.00,7.5
2017112601,00-0032977,CLE,1,1.00,7.5
2017112601,00-0033009,CIN,1,1.25,-7.5
2017112601,00-0033080,CLE,1,1.00,7.5
2017112601,00-0033885,CLE,1,1.33,7.5
2017112601,00-0033897,CIN,1,1.00,-7.5
2017112602,00-0024389,TEN,2,1.54,-3
2017112602,00-0030181,IND,2,1.39,3
2017112603,00-0027029,BUF,1,1.42,8
2017112603,00-0028112,BUF,1,1.45,8
2017112603,00-0030155,KC,1,1.15,-8
2017112603,00-0030506,KC,1,1.45,-8
2017112603,00-0030669,KC,1,1.31,-8
2017112603,00-0033891,BUF,1,1.40,8
2017112604,00-0027656,NE,5,1.91,-16.5
2017112604,00-0030085,MIA,1,1.09,16.5
2017112604,00-0030288,NE,1,1.00,-16.5
2017112604,00-0031236,NE,3,1.35,-16.5
2017112604,00-0032208,NE,1,1.29,-16.5
2017112604,00-0033118,MIA,1,1.00,16.5
2017112605,00-0029159,NYJ,2,1.47,5.5
2017112605,00-0032055,CAR,2,1.48,-5.5
2017112605,00-0032688,NYJ,4,1.25,5.5
2017112605,00-0033280,CAR,1,1.57,-5.5
2017112606,00-0029137,PHI,1,1.82,-13.5
2017112606,00-0030061,PHI,2,1.53,-13.5
2017112606,00-0031549,PHI,1,1.30,-13.5
2017112607,00-0025396,NO,1,1.40,2.5
2017112607,00-0031325,LA,4,1.42,-2.5
2017112607,00-0032241,LA,1,1.36,-2.5
2017112607,00-0032765,NO,1,1.92,2.5
2017112607,00-0033110,LA,1,1.00,-2.5
2017112607,00-0033906,NO,3,2.40,2.5
2017112607,00-0033908,LA,1,2.00,-2.5
2017112607,00-0033943,LA,1,1.00,-2.5
2017112608,00-0027089,SF,1,1.50,6.5
2017112608,00-0027696,SEA,2,2.00,-6.5
2017112608,00-0028434,SEA,1,1.69,-6.5
2017112608,00-0030068,SF,2,1.23,6.5
2017112608,00-0031257,SEA,2,1.46,-6.5
2017112608,00-0032475,SEA,1,1.00,-6.5
2017112608,00-0033292,SF,1,2.00,6.5
2017112609,00-0030300,ARI,1,1.38,6
2017112609,00-0033611,ARI,2,1.00,6
2017112610,00-0025399,OAK,2,1.24,-4
2017112610,00-0030578,OAK,1,1.30,-4
2017112610,00-0030670,DEN,1,1.50,4
2017112610,00-0031166,OAK,1,1.54,-4
2017112610,00-0031344,DEN,1,1.20,4
2017112610,00-0031544,OAK,1,1.33,-4
2017112610,00-0033025,OAK,1,1.00,-4
2017112611,00-0027793,PIT,5,2.09,-14
2017112611,00-0028002,GB,1,1.85,14
2017112611,00-0031035,PIT,1,1.00,-14
2017112611,00-0031373,PIT,1,1.65,-14
2017112611,00-0031381,GB,1,1.89,14
2017112611,00-0031384,GB,1,1.23,14
2017112611,00-0033948,GB,1,1.00,14
2017112700,00-0026901,BAL,1,1.43,-7.5
2017112700,00-0030564,HOU,3,1.76,7.5
2017112700,00-0031326,HOU,1,1.29,7.5
2017112700,00-0032398,BAL,1,2.00,-7.5
2017113000,00-0022127,DAL,1,1.53,1.5
2017113000,00-0027902,DAL,2,1.74,1.5
2017113000,00-0031068,WAS,2,1.10,-1.5
2017113000,00-0031941,WAS,1,1.64,-1.5
2017113000,00-0032760,WAS,1,1.50,-1.5
2017120300,00-0027981,MIN,1,1.69,2
2017120300,00-0030035,MIN,1,1.33,2
2017120300,00-0031376,MIN,1,1.20,2
2017120300,00-0033094,ATL,1,1.00,-2
2017120301,00-0022943,BAL,1,1.50,-2.5
2017120301,00-0026901,BAL,2,1.42,-2.5
2017120301,00-0027891,DET,1,1.52,2.5
2017120301,00-0029293,DET,2,1.53,2.5
2017120301,00-0030107,DET,1,1.55,2.5
2017120301,00-0032398,BAL,1,2.00,-2.5
2017120301,00-0033559,DET,1,1.00,2.5
2017120301,00-0033932,DET,1,2.00,2.5
2017120302,00-0026035,NE,1,1.57,-7.5
2017120302,00-0027656,NE,1,1.91,-7.5
2017120303,00-0028411,CHI,1,1.63,-2.5
2017120303,00-0028903,SF,1,1.27,2.5
2017120303,00-0030068,SF,1,1.23,2.5
2017120303,00-0033292,SF,1,2.00,2.5
2017120303,00-0033556,CHI,1,1.50,-2.5
2017120304,00-0031273,TB,2,1.62,3
2017120304,00-0031390,TB,1,1.25,3
2017120304,00-0032741,TB,1,1.50,3
2017120305,00-0029608,IND,1,1.67,10
2017120306,00-0024268,MIA,1,1.44,1.5
2017120306,00-0026213,DEN,1,1.40,-1.5
2017120306,00-0027874,DEN,1,2.01,-1.5
2017120306,00-0028067,MIA,1,1.71,1.5
2017120306,00-0028142,DEN,1,1.15,-1.5
2017120306,00-0029854,DEN,1,1.50,-1.5
2017120306,00-0030085,MIA,4,1.08,1.5
2017120306,00-0030670,DEN,1,1.50,-1.5
2017120306,00-0031382,MIA,1,1.61,1.5
2017120307,00-0025396,NO,1,1.40,-6
2017120307,00-0030663,NO,1,1.28,-6
2017120307,00-0032055,CAR,2,1.46,6
2017120307,00-0032765,NO,3,1.86,-6
2017120307,00-0033280,CAR,1,1.57,6
2017120307,00-0033906,NO,1,2.17,-6
2017120308,00-0026184,NYJ,2,1.32,3.5
2017120308,00-0029159,NYJ,2,1.48,3.5
2017120308,00-0030506,KC,3,1.45,-3.5
2017120308,00-0031743,KC,1,1.00,-3.5
2017120308,00-0032688,NYJ,1,1.25,3.5
2017120308,00-0033040,KC,3,1.42,-3.5
2017120309,00-0024389,TEN,1,1.53,-7
2017120309,00-0028987,TEN,1,1.00,-7
2017120309,00-0030287,HOU,1,1.36,7
2017120309,00-0032725,HOU,3,1.00,7
2017120309,00-0033069,HOU,1,1.86,7
2017120310,00-0029664,CLE,2,1.88,13
2017120310,00-0033080,CLE,1,1.00,13
2017120310,00-0033885,CLE,2,1.33,13
2017120311,00-0022921,ARI,2,1.90,7
2017120311,00-0031325,LA,1,1.45,-7
2017120311,00-0032112,ARI,1,2.14,7
2017120311,00-0032241,LA,2,1.36,-7
2017120311,00-0033611,ARI,1,1.00,7
2017120311,00-0033895,LA,1,1.20,-7
2017120311,00-0033908,LA,2,1.89,-7
2017120312,00-0025399,OAK,1,1.24,-10
2017120312,00-0030578,OAK,1,1.30,-10
2017120312,00-0032256,OAK,1,1.29,-10
2017120312,00-0032385,NYG,1,1.54,10
2017120312,00-0033881,NYG,3,1.17,10
2017120313,00-0027696,SEA,1,1.99,4
2017120313,00-0028434,SEA,1,1.69,4
2017120313,00-0029137,PHI,2,1.83,-4
2017120313,00-0031549,PHI,3,1.29,-4
2017120313,00-0032063,SEA,1,1.67,4
2017120313,00-0032211,SEA,1,1.07,4
2017120313,00-0032394,SEA,1,1.00,4
2017120313,00-0032602,SEA,1,1.00,4
2017120313,00-0033725,PHI,1,1.00,-4
2017120400,00-0027681,CIN,1,1.53,4.5
2017120400,00-0027793,PIT,3,2.10,-4.5
2017120400,00-0027942,CIN,2,1.75,4.5
2017120400,00-0030496,PIT,2,1.63,-4.5
2017120400,00-0032134,CIN,1,1.40,4.5
2017120700,00-0027944,ATL,2,1.90,-2
2017120700,00-0027966,NO,1,1.33,2
2017120700,00-0029632,ATL,4,1.38,-2
2017120700,00-0030801,NO,1,1.06,2
2017120700,00-0032765,NO,3,1.93,2
2017120700,00-0032881,NO,1,2.00,2
2017120700,00-0033906,NO,1,2.17,2
2017121000,00-0029388,BUF,1,1.56,-3.5
2017121000,00-0030181,IND,1,1.38,3.5
2017121000,00-0031359,BUF,2,1.37,-3.5
2017121001,00-0027981,MIN,1,1.67,-2.5
2017121001,00-0030035,MIN,1,1.33,-2.5
2017121001,00-0031588,MIN,1,1.87,-2.5
2017121001,00-0032055,CAR,2,1.48,2.5
2017121002,00-0027681,CIN,1,1.53,-6
2017121002,00-0027942,CIN,1,1.80,-6
2017121002,00-0029319,CHI,1,1.13,6
2017121002,00-0030456,CIN,1,1.14,-6
2017121002,00-0033896,CHI,1,1.00,6
2017121003,00-0029664,CLE,2,1.83,2.5
2017121003,00-0031381,GB,2,1.89,-2.5
2017121003,00-0032257,CLE,1,1.19,2.5
2017121003,00-0032966,CLE,2,1.13,2.5
2017121003,00-0033948,GB,1,1.00,-2.5
2017121004,00-0027089,SF,1,1.50,-1.5
2017121004,00-0028903,SF,2,1.25,-1.5
2017121004,00-0029892,SF,2,1.26,-1.5
2017121004,00-0030068,SF,2,1.23,-1.5
2017121004,00-0030564,HOU,4,1.78,1.5
2017121005,00-0028434,SEA,2,1.69,2.5
2017121005,00-0031257,SEA,1,1.46,2.5
2017121005,00-0032211,SEA,1,1.07,2.5
2017121006,00-0027061,OAK,1,1.45,4
2017121006,00-0030155,KC,1,1.15,-4
2017121006,00-0030506,KC,1,1.44,-4
2017121006,00-0030669,KC,1,1.28,-4
2017121006,00-0033040,KC,1,1.42,-4
2017121007,00-0027891,DET,2,1.52,-1
2017121007,00-0029293,DET,1,1.53,-1
2017121007,00-0029738,DET,1,1.50,-1
2017121007,00-0030107,DET,1,1.55,-1
2017121007,00-0031387,DET,1,1.08,-1
2017121007,00-0033879,TB,3,1.00,1
2017121008,00-0022921,ARI,1,1.91,2.5
2017121008,00-0027690,TEN,1,1.84,-2.5
2017121008,00-0027873,ARI,1,1.36,2.5
2017121008,00-0033611,ARI,1,1.00,2.5
2017121008,00-0033871,TEN,1,1.00,-2.5
2017121009,00-0027874,DEN,2,2.00,1
2017121009,00-0031344,DEN,1,1.20,1
2017121010,00-0024221,WAS,1,1.31,6
2017121010,00-0031068,WAS,1,1.10,6
2017121011,00-0025549,PHI,1,1.45,-1
2017121011,00-0027996,PHI,2,1.40,-1
2017121011,00-0029137,PHI,1,1.83,-1
2017121011,00-0030710,PHI,2,1.22,-1
2017121011,00-0031325,LA,1,1.43,1
2017121011,00-0032241,LA,1,1.36,1
2017121011,00-0033725,PHI,1,1.00,-1
2017121011,00-0033908,LA,3,1.90,1
2017121012,00-0022127,DAL,1,1.53,-4
2017121012,00-0027902,DAL,1,1.74,-4
2017121012,00-0029000,DAL,1,1.50,-4
2017121012,00-0029587,NYG,1,1.07,4
2017121012,00-0031900,DAL,1,2.00,-4
2017121012,00-0033881,NYG,1,1.14,4
2017121013,00-0026019,BAL,1,1.89,6
2017121013,00-0026901,BAL,1,1.42,6
2017121013,00-0027793,PIT,5,2.12,-6
2017121013,00-0030496,PIT,1,1.63,-6
2017121013,00-0031577,BAL,1,1.46,6
2017121013,00-0032398,BAL,1,2.00,6
2017121013,00-0032426,BAL,1,1.00,6
2017121013,00-0033376,BAL,1,1.00,6
2017121100,00-0026035,NE,2,1.57,-10.5
2017121100,00-0028087,NE,1,1.20,-10.5
2017121100,00-0030288,NE,1,1.00,-10.5
2017121100,00-0031062,NE,1,1.42,-10.5
2017121100,00-0031236,NE,1,1.33,-10.5
2017121100,00-0031382,MIA,2,1.62,10.5
2017121100,00-0033118,MIA,1,1.00,10.5
2017121400,00-0023500,IND,1,1.42,2.5
2017121400,00-0027685,DEN,1,1.62,-2.5
2017121400,00-0027874,DEN,2,2.01,-2.5
2017121400,00-0031344,DEN,2,1.20,-2.5
2017121400,00-0032227,DEN,1,1.00,-2.5
2017121400,00-0032319,IND,1,1.33,2.5
2017121600,00-0029293,DET,1,1.53,-5
2017121600,00-0029795,CHI,1,1.36,5
2017121600,00-0030460,CHI,2,1.47,5
2017121600,00-0031189,DET,1,1.50,-5
2017121600,00-0031387,DET,1,1.08,-5
2017121601,00-0030506,KC,1,1.50,1
2017121601,00-0033040,KC,1,1.42,1
2017121601,00-0033923,KC,2,1.20,1
2017121700,00-0027029,BUF,1,1.43,-3.5
2017121700,00-0027057,BUF,1,1.11,-3.5
2017121700,00-0028112,BUF,2,1.44,-3.5
2017121700,00-0031547,MIA,1,1.53,3.5
2017121700,00-0032117,BUF,1,1.00,-3.5
2017121701,00-0025418,CAR,2,1.74,-3
2017121701,00-0028002,GB,2,1.83,3
2017121701,00-0031381,GB,1,1.89,3
2017121701,00-0031384,GB,2,1.23,3
2017121701,00-0033280,CAR,3,1.57,-3
2017121702,00-0022943,BAL,1,1.51,-6.5
2017121702,00-0026901,BAL,2,1.42,-6.5
2017121702,00-0026995,BAL,1,1.59,-6.5
2017121702,00-0033080,CLE,1,1.00,6.5
2017121703,00-0030564,HOU,2,1.77,10.5
2017121704,00-0027681,CIN,1,1.52,13
2017121704,00-0027981,MIN,1,1.68,-13
2017121704,00-0030035,MIN,1,1.47,-13
2017121704,00-0030513,MIN,1,1.13,-13
2017121704,00-0031376,MIN,3,1.25,-13
2017121704,00-0031588,MIN,1,1.81,-13
2017121705,00-0027966,NO,1,1.33,-16
2017121705,00-0030216,NO,1,1.08,-16
2017121705,00-0030663,NO,1,1.26,-16
2017121705,00-0032765,NO,2,1.94,-16
2017121705,00-0033295,NYJ,2,1.00,16
2017121705,00-0033906,NO,2,2.00,-16
2017121706,00-0029137,PHI,1,1.83,-7.5
2017121706,00-0030061,PHI,1,1.51,-7.5
2017121706,00-0030091,NYG,2,1.00,7.5
2017121706,00-0030710,PHI,1,1.30,-7.5
2017121706,00-0031549,PHI,1,1.38,-7.5
2017121706,00-0031590,PHI,1,1.33,-7.5
2017121706,00-0032385,NYG,1,1.57,7.5
2017121706,00-0032659,NYG,2,1.17,7.5
2017121706,00-0033881,NYG,1,1.14,7.5
2017121707,00-0022921,ARI,1,1.90,4
2017121707,00-0031044,ARI,1,1.25,4
2017121707,00-0031941,WAS,2,1.62,-4
2017121707,00-0032112,ARI,1,2.14,4
2017121707,00-0033526,WAS,1,1.00,-4
2017121708,00-0030089,SEA,1,1.21,1
2017121708,00-0030431,LA,1,1.34,-1
2017121708,00-0032241,LA,1,1.33,-1
2017121708,00-0032602,SEA,1,1.00,1
2017121709,00-0027656,NE,4,1.91,-2.5
2017121709,00-0031236,NE,2,1.33,-2.5
2017121709,00-0031373,PIT,2,1.63,2.5
2017121709,00-0031782,PIT,1,1.57,2.5
2017121709,00-0033857,PIT,1,1.71,2.5
2017121710,00-0024389,TEN,1,1.53,2.5
2017121710,00-0028903,SF,2,1.23,-2.5
2017121710,00-0029580,TEN,4,1.43,2.5
2017121710,00-0033288,SF,1,1.86,-2.5
2017121710,00-0033307,SF,1,1.00,-2.5
2017121711,00-0026986,OAK,2,1.52,3
2017121711,00-0027902,DAL,1,1.74,-3
2017121711,00-0029634,DAL,1,1.00,-3
2017121711,00-0031166,OAK,1,1.52,3
2017121800,00-0027944,ATL,1,1.92,-7
2017121800,00-0029632,ATL,1,1.37,-7
2017121800,00-0031285,ATL,1,1.47,-7
2017121800,00-0031408,TB,1,1.63,7
2017121800,00-0031570,ATL,2,1.19,-7
2017121800,00-0032009,TB,1,1.17,7
2017121800,00-0032745,TB,1,1.00,7
2017121800,00-0033879,TB,1,1.00,7
2017122300,00-0023500,IND,1,1.42,13.5
2017122300,00-0026901,BAL,1,1.41,-13.5
2017122300,00-0029608,IND,2,1.67,13.5
2017122300,00-0031025,BAL,1,1.00,-13.5
2017122300,00-0031558,BAL,1,1.50,-13.5
2017122300,00-0032398,BAL,1,1.67,-13.5
2017122300,00-0033951,IND,1,1.00,13.5
2017122301,00-0030035,MIN,1,1.47,-9
2017122301,00-0031588,MIN,2,1.82,-9
2017122301,00-0032430,MIN,1,1.00,-9
2017122400,00-0029394,CAR,1,1.67,-10
2017122400,00-0031408,TB,2,1.62,10
2017122400,00-0031868,CAR,1,2.00,-10
2017122400,00-0032009,TB,1,1.16,10
2017122400,00-0033921,TB,1,1.00,10
2017122401,00-0029795,CHI,2,1.42,-6
2017122401,00-0030422,CHI,1,1.20,-6
2017122401,00-0032257,CLE,1,1.17,6
2017122401,00-0033079,CLE,1,1.00,6
2017122402,00-0029293,DET,1,1.51,-3.5
2017122402,00-0031387,DET,2,1.16,-3.5
2017122402,00-0032134,CIN,1,1.40,3.5
2017122403,00-0029414,KC,1,1.00,-11
2017122403,00-0030506,KC,1,1.49,-11
2017122403,00-0030668,KC,1,1.40,-11
2017122403,00-0031382,MIA,1,1.66,11
2017122403,00-0031547,MIA,1,1.61,11
2017122403,00-0033040,KC,2,1.38,-11
2017122404,00-0027029,BUF,1,1.43,11
2017122404,00-0027656,NE,1,1.94,-11
2017122404,00-0028087,NE,1,1.18,-11
2017122404,00-0029388,BUF,2,1.50,11
2017122404,00-0029689,NE,1,1.29,-11
2017122404,00-0031359,BUF,1,1.35,11
2017122404,00-0032208,NE,1,1.29,-11
2017122405,00-0025396,NO,1,1.40,-5.5
2017122405,00-0027944,ATL,3,1.92,5.5
2017122405,00-0031228,ATL,1,1.40,5.5
2017122405,00-0032058,ATL,1,1.13,5.5
2017122405,00-0032765,NO,2,2.06,-5.5
2017122405,00-0033906,NO,1,1.88,-5.5
2017122407,00-0027690,TEN,1,1.83,6
2017122407,00-0029580,TEN,2,1.46,6
2017122407,00-0031325,LA,1,1.39,-6
2017122407,00-0032241,LA,2,1.31,-6
2017122407,00-0033871,TEN,1,1.00,6
2017122407,00-0033908,LA,2,1.83,-6
2017122408,00-0024221,WAS,1,1.31,-3
2017122408,00-0027874,DEN,1,2.00,3
2017122408,00-0031068,WAS,2,1.10,-3
2017122408,00-0031697,DEN,1,1.40,3
2017122408,00-0031941,WAS,1,1.63,-3
2017122408,00-0032760,WAS,1,1.50,-3
2017122409,00-0029892,SF,1,1.25,4
2017122409,00-0030068,SF,1,1.36,4
2017122409,00-0033288,SF,2,1.88,4
2017122409,00-0033292,SF,1,1.67,4
2017122410,00-0022921,ARI,3,1.90,-3
2017122410,00-0029587,NYG,1,1.07,3
2017122410,00-0030300,ARI,1,1.39,-3
2017122410,00-0031051,ARI,1,1.26,-3
2017122410,00-0032659,NYG,1,1.29,3
2017122411,00-0027696,SEA,1,1.99,4
2017122411,00-0027902,DAL,1,1.74,-4
2017122411,00-0028434,SEA,2,1.69,4
2017122500,00-0030470,PIT,1,1.06,-8.5
2017122500,00-0030521,PIT,1,1.24,-8.5
2017122500,00-0030564,HOU,2,1.77,8.5
2017122500,00-0031373,PIT,1,1.60,-8.5
2017122500,00-0033857,PIT,2,1.71,-8.5
2017122501,00-0030061,PHI,1,1.53,-10
2017122501,00-0031544,OAK,1,1.32,10
2017122501,00-0031590,PHI,1,1.29,-10
2017122501,00-0033025,OAK,1,1.00,10
2017123100,00-0027944,ATL,1,1.92,-5
2017123100,00-0029394,CAR,1,1.50,5
2017123100,00-0031285,ATL,2,1.45,-5
2017123100,00-0032055,CAR,2,1.46,5
2017123100,00-0032392,ATL,1,1.50,-5
2017123100,00-0033280,CAR,1,1.63,5
2017123101,00-0026901,BAL,1,1.41,-8.5
2017123101,00-0027681,CIN,1,1.51,8.5
2017123101,00-0032214,CIN,3,1.50,8.5
2017123101,00-0032398,BAL,1,1.67,-8.5
2017123101,00-0033009,CIN,1,1.20,8.5
2017123102,00-0027891,DET,1,1.52,-7.5
2017123102,00-0028002,GB,1,1.83,7.5
2017123102,00-0029293,DET,2,1.51,-7.5
2017123102,00-0032423,GB,2,2.00,7.5
2017123102,00-0033932,DET,2,1.50,-7.5
2017123102,00-0033948,GB,1,1.50,7.5
2017123103,00-0030181,IND,1,1.37,-5.5
2017123103,00-0032355,IND,1,1.17,-5.5
2017123104,00-0031382,MIA,3,1.66,2.5
2017123104,00-0031547,MIA,1,1.58,2.5
2017123104,00-0032117,BUF,1,1.00,-2.5
2017123105,00-0028411,CHI,3,1.60,12.5
2017123105,00-0029319,CHI,1,1.13,12.5
2017123105,00-0031588,MIN,2,1.83,-12.5
2017123106,00-0028087,NE,1,1.25,-16
2017123106,00-0029159,NYJ,1,1.49,16
2017123106,00-0031236,NE,3,1.31,-16
2017123106,00-0032120,NYJ,1,1.00,16
2017123106,00-0033916,NYJ,1,1.00,16
2017123107,00-0031068,WAS,1,1.09,-5
2017123108,00-0030516,DAL,2,1.25,-4
2017123108,00-0033045,DAL,1,1.00,-4
2017123109,00-0029664,CLE,2,1.79,5
2017123109,00-0032257,CLE,1,1.17,5
2017123109,00-0032977,CLE,2,1.00,5
2017123109,00-0033857,PIT,3,1.63,-5
2017123109,00-0033885,CLE,1,1.29,5
2017123110,00-0025396,NO,1,1.38,-6
2017123110,00-0029931,NO,1,1.00,-6
2017123110,00-0032009,TB,1,1.16,6
2017123110,00-0032765,NO,1,2.06,-6
2017123110,00-0033906,NO,1,1.88,-6
2017123110,00-0033921,TB,1,1.00,6
2017123111,00-0032764,TEN,1,1.25,-2.5
2017123112,00-0027874,DEN,1,2.00,-3
2017123112,00-0030155,KC,1,1.27,3
2017123112,00-0030669,KC,1,1.30,3
2017123112,00-0030670,DEN,1,1.50,-3
2017123112,00-0031697,DEN,1,1.40,-3
2017123112,00-0032972,DEN,1,1.22,-3
2017123113,00-0027061,OAK,1,1.45,6.5
2017123113,00-0031166,OAK,1,1.52,6.5
2017123113,00-0031544,OAK,1,1.32,6.5
2017123114,00-0028116,SF,1,1.11,-6
2017123114,00-0028903,SF,1,1.21,-6
2017123114,00-0030068,SF,2,1.33,-6
2017123114,00-0033111,LA,1,1.00,6
2017123114,00-0033114,LA,1,1.00,6
2017123114,00-0033288,SF,2,1.78,-6
2017123114,00-0033308,SF,1,1.00,-6
2017123115,00-0027696,SEA,2,1.98,-8.5
2017123115,00-0028434,SEA,4,1.67,-8.5
2017123115,00-0030300,ARI,1,1.39,8.5
2018090600,00-0027944,ATL,3,1.92,-1
2018090600,00-0032058,ATL,1,1.13,-1
2018090900,00-0026986,BAL,2,1.57,-7.5
2018090900,00-0030663,BAL,2,1.25,-7.5
2018090900,00-0031051,BAL,2,1.25,-7.5
2018090900,00-0031260,BUF,1,1.00,7.5
2018090900,00-0031558,BAL,1,1.40,-7.5
2018090900,00-0031598,BAL,1,1.17,-7.5
2018090901,00-0027793,PIT,1,2.10,-3.5
2018090901,00-0029664,CLE,1,1.79,3.5
2018090901,00-0031382,CLE,2,1.69,3.5
2018090901,00-0032135,PIT,1,1.40,-3.5
2018090901,00-0032977,CLE,1,1.00,3.5
2018090901,00-0033857,PIT,2,1.67,-3.5
2018090902,00-0027942,CIN,1,1.81,-1
2018090902,00-0029608,IND,1,1.67,1
2018090902,00-0030549,CIN,1,1.67,-1
2018090902,00-0031387,IND,1,1.19,1
2018090902,00-0033897,CIN,1,1.00,-1
2018090903,00-0028042,TEN,1,1.13,-1
2018090903,00-0030085,MIA,2,1.12,1
2018090903,00-0030669,MIA,1,1.29,1
2018090904,00-0027981,MIN,1,1.67,-6
2018090904,00-0029892,SF,1,1.32,6
2018090904,00-0030035,MIN,1,1.47,-6
2018090904,00-0031588,MIN,1,1.79,-6
2018090904,00-0033288,SF,1,1.78,6
2018090905,00-0027656,NE,4,1.96,-6
2018090905,00-0031062,NE,1,1.38,-6
2018090905,00-0031326,HOU,1,1.50,6
2018090905,00-0032208,NE,1,1.29,-6
2018090906,00-0022943,NO,1,1.49,-10
2018090906,00-0025396,NO,1,1.38,-10
2018090906,00-0026189,TB,3,1.46,10
2018090906,00-0031408,TB,3,1.66,10
2018090906,00-0032009,TB,1,1.16,10
2018090906,00-0032765,NO,3,2.06,-10
2018090906,00-0033879,TB,1,1.00,10
2018090906,00-0033906,NO,3,1.89,-10
2018090906,00-0033921,TB,1,1.14,10
2018090907,00-0031235,NYG,2,2.06,2.5
2018090908,00-0028074,KC,1,1.25,3.5
2018090908,00-0031060,KC,1,1.23,3.5
2018090908,00-0033040,KC,6,1.36,3.5
2018090909,00-0022921,ARI,2,1.92,1.5
2018090909,00-0025394,WAS,1,1.22,-1.5
2018090909,00-0030404,WAS,2,1.26,-1.5
2018090909,00-0030472,WAS,2,1.88,-1.5
2018090910,00-0030821,DAL,1,1.61,2.5
2018090911,00-0024334,SEA,1,1.98,3
2018090911,00-0027685,DEN,2,1.62,-3
2018090911,00-0027874,DEN,2,2.00,-3
2018090911,00-0032211,SEA,1,1.06,3
2018090912,00-0028002,GB,2,1.84,-6.5
2018090912,00-0031228,CHI,1,1.40,6.5
2018090912,00-0031381,GB,2,1.90,-6.5
2018090912,00-0031428,CHI,1,1.68,6.5
2018090912,00-0032626,GB,1,1.22,-6.5
2018091000,00-0027891,DET,2,1.51,-7
2018091000,00-0028825,NYJ,1,1.47,7
2018091000,00-0029293,DET,1,1.53,-7
2018091000,00-0031023,NYJ,1,1.60,7
2018091000,00-0032688,NYJ,1,1.45,7
2018091000,00-0033932,DET,2,1.50,-7
2018091001,00-0027061,OAK,4,1.45,6
2018091001,00-0030431,LA,1,1.35,-6
2018091001,00-0031236,LA,2,1.37,-6
2018091001,00-0032241,LA,1,1.29,-6
2018091001,00-0033908,LA,1,1.77,-6
2018091300,00-0027942,CIN,3,1.79,1
2018091300,00-0031051,BAL,2,1.31,-1
2018091300,00-0031558,BAL,1,1.33,-1
2018091300,00-0032134,CIN,1,1.33,1
2018091300,00-0032426,BAL,2,1.00,-1
2018091300,00-0033009,CIN,3,1.20,1
2018091300,00-0034753,BAL,1,1.00,-1
2018091600,00-0027944,ATL,1,1.94,-5.5
2018091600,00-0027996,CAR,2,1.38,5.5
2018091600,00-0029572,CAR,2,1.18,5.5
2018091600,00-0032055,CAR,1,1.48,5.5
2018091600,00-0032392,ATL,2,1.55,-5.5
2018091600,00-0033094,ATL,1,1.00,-5.5
2018091601,00-0027531,BUF,1,1.27,7.5
2018091601,00-0028112,BUF,1,1.50,7.5
2018091601,00-0028581,BUF,1,1.10,7.5
2018091601,00-0031359,BUF,1,1.33,7.5
2018091601,00-0033891,BUF,1,1.57,7.5
2018091602,00-0027696,GB,2,1.98,2
2018091602,00-0027981,MIN,1,1.65,-2
2018091602,00-0030035,MIN,3,1.47,-2
2018091602,00-0031381,GB,1,1.90,2
2018091602,00-0031588,MIN,2,1.79,-2
2018091602,00-0032626,GB,1,1.20,2
2018091602,00-0032951,MIN,1,1.00,-2
2018091602,00-0033893,MIN,2,1.50,-2
2018091603,00-0025396,NO,1,1.41,-9.5
2018091603,00-0031382,CLE,2,1.67,9.5
2018091603,00-0032765,NO,3,2.11,-9.5
2018091603,00-0032977,CLE,1,1.00,9.5
2018091604,00-0028064,NYJ,2,1.31,-3
2018091604,00-0028825,NYJ,1,1.44,-3
2018091604,00-0030669,MIA,1,1.27,3
2018091604,00-0031023,NYJ,2,1.73,-3
2018091604,00-0031609,MIA,1,1.11,3
2018091604,00-0031690,NYJ,1,1.00,-3
2018091605,00-0030506,KC,3,1.47,4.5
2018091605,00-0031325,KC,2,1.36,4.5
2018091605,00-0032128,KC,1,1.50,4.5
2018091605,00-0032135,PIT,4,1.40,-4.5
2018091605,00-0032775,KC,1,2.00,4.5
2018091605,00-0033040,KC,2,1.33,4.5
2018091605,00-0033553,PIT,1,1.00,-4.5
2018091605,00-0033857,PIT,2,1.67,-4.5
2018091605,00-0033923,KC,1,1.25,4.5
2018091606,00-0026189,TB,2,1.46,3
2018091606,00-0030061,PHI,1,1.55,-3
2018091606,00-0031408,TB,1,1.66,3
2018091606,00-0031549,PHI,2,1.44,-3
2018091606,00-0032599,PHI,1,1.00,-3
2018091606,00-0033879,TB,2,1.00,3
2018091606,00-0033921,TB,1,1.13,3
2018091607,00-0030564,HOU,3,1.76,-3.5
2018091607,00-0031326,HOU,1,1.56,-3.5
2018091607,00-0033127,HOU,2,1.45,-3.5
2018091607,00-0033911,TEN,1,1.00,3.5
2018091608,00-0025394,WAS,1,1.22,-6
2018091608,00-0029608,IND,2,1.70,6
2018091608,00-0031068,IND,1,1.09,6
2018091608,00-0031257,WAS,1,1.43,-6
2018091608,00-0031387,IND,1,1.19,6
2018091609,00-0030431,LA,2,1.37,-13.5
2018091609,00-0031236,LA,4,1.35,-13.5
2018091609,00-0033110,LA,1,1.00,-13.5
2018091609,00-0033908,LA,1,1.86,-13.5
2018091610,00-0026345,SF,1,1.79,-6
2018091610,00-0027891,DET,1,1.52,6
2018091610,00-0028903,SF,1,1.21,-6
2018091610,00-0029293,DET,1,1.54,6
2018091610,00-0033307,SF,1,1.75,-6
2018091610,00-0033559,DET,1,1.00,6
2018091610,00-0033932,DET,2,1.40,6
2018091611,00-0026176,OAK,1,1.81,5.5
2018091611,00-0027061,OAK,2,1.45,5.5
2018091611,00-0027685,DEN,4,1.62,-5.5
2018091611,00-0031166,OAK,1,1.52,5.5
2018091611,00-0031544,OAK,2,1.31,5.5
2018091612,00-0028237,NE,2,1.50,-2
2018091612,00-0031062,NE,1,1.41,-2
2018091612,00-0033387,NE,1,1.00,-2
2018091613,00-0030525,DAL,1,1.74,-3
2018091613,00-0031344,NYG,1,1.17,3
2018091613,00-0033881,NYG,1,1.25,3
2018091700,00-0030710,CHI,1,1.33,-5
2018091700,00-0032211,SEA,2,1.06,5
2018091700,00-0034159,SEA,2,1.00,5
2018091700,00-0034353,CHI,1,1.00,-5
2018092000,00-0028825,NYJ,1,1.41,3
2018092000,00-0031382,CLE,1,1.67,-3
2018092300,00-0022943,NO,1,1.49,-1.5
2018092300,00-0025396,NO,1,1.41,-1.5
2018092300,00-0027944,ATL,1,1.94,1.5
2018092300,00-0029632,ATL,1,1.35,1.5
2018092300,00-0029931,NO,1,1.00,-1.5
2018092300,00-0031912,NO,1,1.88,-1.5
2018092300,00-0032058,ATL,1,1.13,1.5
2018092300,00-0032765,NO,2,2.21,-1.5
2018092300,00-0033906,NO,1,2.20,-1.5
2018092300,00-0034837,ATL,3,1.00,1.5
2018092301,00-0027874,DEN,1,2.00,5.5
2018092301,00-0031051,BAL,1,1.30,-5.5
2018092301,00-0031577,BAL,1,1.40,-5.5
2018092301,00-0034753,BAL,2,1.00,-5.5
2018092302,00-0027942,CIN,1,1.81,3
2018092302,00-0029854,CAR,1,1.43,-3
2018092302,00-0030549,CIN,1,1.64,3
2018092302,00-0032055,CAR,3,1.53,-3
2018092302,00-0032134,CIN,1,1.33,3
2018092302,00-0033009,CIN,4,1.18,3
2018092303,00-0029587,NYG,1,1.07,6.5
2018092303,00-0029615,HOU,1,1.20,-6.5
2018092303,00-0030108,HOU,1,1.25,-6.5
2018092303,00-0030564,HOU,2,1.76,-6.5
2018092303,00-0031235,NYG,2,2.03,6.5
2018092303,00-0032385,NYG,2,1.56,6.5
2018092303,00-0033127,HOU,3,1.45,-6.5
2018092303,00-0034420,HOU,1,1.00,-6.5
2018092304,00-0033871,TEN,1,1.40,10
2018092305,00-0029892,SF,1,1.30,5.5
2018092305,00-0030068,SF,1,1.31,5.5
2018092305,00-0030155,KC,1,1.27,-5.5
2018092305,00-0030506,KC,2,1.50,-5.5
2018092305,00-0031325,KC,1,1.36,-5.5
2018092305,00-0032128,KC,1,1.46,-5.5
2018092305,00-0033040,KC,1,1.33,-5.5
2018092305,00-0033288,SF,1,1.73,5.5
2018092305,00-0033307,SF,1,1.60,5.5
2018092306,00-0026176,OAK,3,1.81,2.5
2018092306,00-0030085,MIA,2,1.11,-2.5
2018092306,00-0030669,MIA,1,1.27,-2.5
2018092306,00-0031547,MIA,1,1.55,-2.5
2018092306,00-0032791,MIA,2,1.00,-2.5
2018092307,00-0027531,BUF,1,1.27,16.5
2018092307,00-0027981,MIN,1,1.65,-16.5
2018092307,00-0028263,BUF,1,1.11,16.5
2018092308,00-0029608,IND,1,1.69,6
2018092308,00-0030061,PHI,1,1.56,-6
2018092308,00-0031068,IND,2,1.09,6
2018092308,00-0032782,PHI,1,1.00,-6
2018092308,00-0034351,PHI,1,1.00,-6
2018092309,00-0024221,WAS,2,1.30,2
2018092309,00-0030472,WAS,1,1.88,2
2018092309,00-0031257,WAS,1,1.43,2
2018092309,00-0031381,GB,1,1.93,-2
2018092309,00-0031941,WAS,1,1.59,2
2018092309,00-0032626,GB,1,1.18,-2
2018092310,00-0030431,LA,4,1.37,-7
2018092310,00-0031236,LA,1,1.38,-7
2018092310,00-0032241,LA,1,1.32,-7
2018092310,00-0033110,LA,1,1.00,-7
2018092310,00-0033908,LA,1,1.93,-7
2018092311,00-0030710,CHI,1,1.31,-5.5
2018092311,00-0031428,CHI,1,1.66,-5.5
2018092311,00-0032187,ARI,1,1.56,5.5
2018092311,00-0033611,ARI,1,1.00,5.5
2018092311,00-0034775,ARI,2,1.00,5.5
2018092312,00-0024334,SEA,1,1.98,1.5
2018092312,00-0030300,SEA,1,1.37,1.5
2018092312,00-0030525,DAL,1,1.74,-1.5
2018092312,00-0032211,SEA,1,1.06,1.5
2018092313,00-0027891,DET,1,1.52,6.5
2018092313,00-0029293,DET,1,1.57,6.5
2018092313,00-0030107,DET,1,1.59,6.5
2018092313,00-0031062,NE,1,1.41,-6.5
2018092313,00-0033932,DET,1,1.40,6.5
2018092400,00-0027793,PIT,1,2.10,-1
2018092400,00-0030470,PIT,1,1.05,-1
2018092400,00-0031273,TB,2,1.65,1
2018092400,00-0031408,TB,3,1.64,1
2018092400,00-0033562,PIT,1,1.00,-1
2018092400,00-0033857,PIT,1,2.30,-1
2018092400,00-0033879,TB,1,1.00,1
2018092400,00-0033921,TB,2,1.11,1
2018092700,00-0027981,MIN,1,1.66,7
2018092700,00-0028116,MIN,2,1.20,7
2018092700,00-0030035,MIN,2,1.43,7
2018092700,00-0030431,LA,2,1.42,-7
2018092700,00-0031236,LA,2,1.39,-7
2018092700,00-0031588,MIN,2,1.80,7
2018092700,00-0032241,LA,2,1.32,-7
2018092700,00-0033908,LA,3,1.93,-7
2018093000,00-0027215,ATL,1,1.13,-3.5
2018093000,00-0027942,CIN,2,1.81,3.5
2018093000,00-0027944,ATL,2,1.94,-3.5
2018093000,00-0029632,ATL,2,1.36,-3.5
2018093000,00-0030549,CIN,1,1.64,3.5
2018093000,00-0033460,CIN,1,1.33,3.5
2018093000,00-0034837,ATL,2,1.50,-3.5
2018093001,00-0026189,TB,2,1.45,2.5
2018093001,00-0029319,CHI,1,1.11,-2.5
2018093001,00-0030710,CHI,2,1.31,-2.5
2018093001,00-0031228,CHI,4,1.41,-2.5
2018093001,00-0031273,TB,1,1.63,2.5
2018093001,00-0031428,CHI,1,1.70,-2.5
2018093001,00-0033556,CHI,4,1.57,-2.5
2018093002,00-0027891,DET,3,1.52,2.5
2018093002,00-0029293,DET,1,1.56,2.5
2018093002,00-0033045,DAL,2,1.14,-2.5
2018093002,00-0033932,DET,2,1.50,2.5
2018093002,00-0034764,DAL,1,1.00,-2.5
2018093003,00-0027696,GB,1,1.96,-9.5
2018093003,00-0031359,BUF,1,1.31,9.5
2018093003,00-0031381,GB,1,1.93,-9.5
2018093003,00-0032200,GB,1,2.00,-9.5
2018093003,00-0032626,GB,1,1.17,-9.5
2018093004,00-0029608,IND,2,1.69,1
2018093004,00-0030564,HOU,5,1.76,-1
2018093004,00-0031068,IND,1,1.13,1
2018093004,00-0031387,IND,1,1.28,1
2018093004,00-0032355,IND,1,1.14,1
2018093004,00-0033127,HOU,2,1.50,-1
2018093004,00-0033251,IND,1,1.00,1
2018093004,00-0034367,IND,2,1.00,1
2018093005,00-0031023,NYJ,1,1.67,7
2018093006,00-0023500,MIA,1,1.41,6.5
2018093006,00-0028237,NE,1,1.48,-6.5
2018093006,00-0030085,MIA,1,1.11,6.5
2018093006,00-0030578,NE,1,1.27,-6.5
2018093006,00-0031062,NE,1,1.39,-6.5
2018093006,00-0032208,NE,2,1.44,-6.5
2018093007,00-0029137,PHI,2,1.86,-2.5
2018093007,00-0030061,PHI,1,1.57,-2.5
2018093007,00-0031299,PHI,1,1.60,-2.5
2018093007,00-0032778,TEN,1,1.00,2.5
2018093007,00-0033871,TEN,5,1.33,2.5
2018093008,00-0032187,ARI,1,1.56,3.5
2018093008,00-0033611,ARI,2,1.00,3.5
2018093009,00-0026176,OAK,1,1.80,-2.5
2018093009,00-0027061,OAK,3,1.51,-2.5
2018093009,00-0029738,CLE,1,1.50,2.5
2018093009,00-0031373,OAK,2,1.55,-2.5
2018093009,00-0031382,CLE,1,1.70,2.5
2018093009,00-0031544,OAK,3,1.31,-2.5
2018093009,00-0032977,CLE,2,1.00,2.5
2018093010,00-0026345,SF,1,1.79,9.5
2018093010,00-0030068,SF,1,1.29,9.5
2018093010,00-0033288,SF,1,1.67,9.5
2018093010,00-0033307,SF,1,1.60,9.5
2018093010,00-0033308,SF,1,1.00,9.5
2018093011,00-0022943,NO,1,1.49,-3
2018093011,00-0030216,NO,3,1.08,-3
2018093011,00-0031235,NYG,1,2.03,3
2018093011,00-0031912,NO,1,1.78,-3
2018093011,00-0032385,NYG,2,1.59,3
2018093011,00-0033906,NO,1,2.64,-3
2018093012,00-0027793,PIT,1,2.10,-3
2018093012,00-0030470,PIT,1,1.05,-3
2018093012,00-0031051,BAL,2,1.30,3
2018093012,00-0031558,BAL,1,1.29,3
2018093012,00-0032135,PIT,1,1.40,-3
2018093012,00-0032426,BAL,1,1.00,3
2018093012,00-0033857,PIT,1,2.27,-3
2018100100,00-0030155,KC,2,1.25,-3.5
2018100100,00-0030506,KC,2,1.50,-3.5
2018100100,00-0032227,DEN,1,1.00,3.5
2018100100,00-0032775,KC,1,1.80,-3.5
2018100100,00-0032956,DEN,1,1.00,3.5
2018100100,00-0033923,KC,2,1.22,-3.5
2018100400,00-0028237,NE,1,1.48,-11
2018100400,00-0029664,NE,1,1.71,-11
2018100400,00-0030578,NE,1,1.26,-11
2018100400,00-0030854,IND,2,1.00,11
2018100400,00-0031062,NE,1,1.42,-11
2018100400,00-0031387,IND,3,1.30,11
2018100400,00-0032355,IND,1,1.25,11
2018100400,00-0034367,IND,1,1.50,11
2018100700,00-0033871,TEN,1,1.43,-6.5
2018100701,00-0029572,CAR,1,1.17,-6.5
2018100701,00-0030147,NYG,1,1.08,6.5
2018100701,00-0031235,NYG,1,2.00,6.5
2018100701,00-0032055,CAR,1,1.52,-6.5
2018100701,00-0032385,NYG,2,1.72,6.5
2018100701,00-0033280,CAR,1,1.56,-6.5
2018100701,00-0033282,CAR,1,1.00,-6.5
2018100701,00-0034365,CAR,1,1.50,-6.5
2018100701,00-0034844,NYG,2,1.50,6.5
2018100702,00-0027942,CIN,3,1.85,-6.5
2018100702,00-0032134,CIN,1,1.29,-6.5
2018100702,00-0033009,CIN,1,1.31,-6.5
2018100702,00-0033118,MIA,1,1.00,6.5
2018100702,00-0033897,CIN,1,1.00,-6.5
2018100703,00-0026986,BAL,1,1.55,-3
2018100703,00-0031051,BAL,1,1.30,-3
2018100703,00-0031382,CLE,1,1.71,3
2018100703,00-0032398,BAL,1,1.50,-3
2018100703,00-0032977,CLE,3,1.00,3
2018100703,00-0033080,CLE,1,1.00,3
2018100703,00-0033885,CLE,1,1.29,3
2018100704,00-0027696,GB,1,1.96,-1
2018100704,00-0027985,GB,1,1.17,-1
2018100704,00-0029293,DET,1,1.55,1
2018100704,00-0031381,GB,4,1.91,-1
2018100704,00-0032200,GB,1,1.91,-1
2018100704,00-0033932,DET,2,1.50,1
2018100705,00-0030506,KC,2,1.51,-3
2018100705,00-0031325,KC,1,1.37,-3
2018100705,00-0033040,KC,1,1.38,-3
2018100706,00-0027874,DEN,2,2.00,-1
2018100706,00-0028825,NYJ,1,1.41,1
2018100706,00-0032688,NYJ,2,1.45,1
2018100706,00-0032972,DEN,1,1.20,-1
2018100707,00-0027793,PIT,2,2.08,-3.5
2018100707,00-0029632,ATL,1,1.35,3.5
2018100707,00-0032392,ATL,1,1.43,3.5
2018100707,00-0033553,PIT,2,1.25,-3.5
2018100707,00-0033857,PIT,1,2.33,-3.5
2018100707,00-0034837,ATL,1,1.67,3.5
2018100708,00-0026176,OAK,2,1.82,4.5
2018100708,00-0031166,OAK,1,1.50,4.5
2018100708,00-0031373,OAK,3,1.52,4.5
2018100708,00-0033025,OAK,1,1.00,4.5
2018100709,00-0029137,PHI,1,1.86,-3
2018100709,00-0030035,MIN,3,1.50,3
2018100709,00-0030061,PHI,3,1.58,-3
2018100709,00-0031549,PHI,1,1.50,-3
2018100709,00-0031588,MIN,2,1.76,3
2018100709,00-0032782,PHI,2,1.00,-3
2018100710,00-0022921,ARI,1,1.90,3
2018100710,00-0026345,SF,1,1.78,-3
2018100710,00-0029892,SF,1,1.28,-3
2018100710,00-0033288,SF,1,1.69,-3
2018100710,00-0033292,SF,1,2.00,-3
2018100710,00-0033308,SF,1,1.00,-3
2018100710,00-0034775,ARI,1,1.00,3
2018100711,00-0030431,LA,2,1.42,-7.5
2018100711,00-0032211,SEA,2,1.06,7.5
2018100711,00-0032394,SEA,1,1.00,7.5
2018100711,00-0033908,LA,3,2.00,-7.5
2018100711,00-0033943,LA,1,2.00,-7.5
2018100712,00-0030525,DAL,1,1.70,3
2018100712,00-0030564,HOU,2,1.76,-3
2018100712,00-0030821,DAL,1,1.59,3
2018100712,00-0031075,HOU,1,1.00,-3
2018100712,00-0032141,DAL,1,2.00,3
2018100712,00-0033054,DAL,1,1.00,3
2018100712,00-0034366,HOU,1,1.00,-3
2018100800,00-0025394,WAS,1,1.22,6
2018100800,00-0027966,NO,1,1.31,-6
2018100800,00-0030216,NO,2,1.08,-6
2018100800,00-0030472,WAS,1,1.88,6
2018100800,00-0031257,WAS,1,1.43,6
2018100800,00-0031912,NO,1,1.70,-6
2018100800,00-0031941,WAS,1,1.60,6
2018100800,00-0032765,NO,2,2.19,-6
2018100800,00-0034765,NO,2,2.00,-6
2018101100,00-0029137,PHI,2,1.86,-1.5
2018101100,00-0030061,PHI,1,1.57,-1.5
2018101100,00-0031344,NYG,1,1.17,1.5
2018101100,00-0031549,PHI,2,1.50,-1.5
2018101100,00-0032385,NYG,1,1.72,1.5
2018101100,00-0033725,PHI,1,1.00,-1.5
2018101100,00-0034844,NYG,1,1.33,1.5
2018101400,00-0026189,TB,1,1.45,3
2018101400,00-0027944,ATL,2,1.94,-3
2018101400,00-0029632,ATL,1,1.35,-3
2018101400,00-0031273,TB,1,1.60,3
2018101400,00-0032009,TB,1,1.15,3
2018101400,00-0032058,ATL,1,1.18,-3
2018101400,00-0032392,ATL,1,1.43,-3
2018101400,00-0032741,TB,1,1.20,3
2018101400,00-0033879,TB,2,1.00,3
2018101400,00-0033921,TB,1,1.40,3
2018101400,00-0034837,ATL,1,1.67,-3
2018101401,00-0027793,PIT,2,2.11,2
2018101401,00-0027942,CIN,1,1.85,-2
2018101401,00-0030470,PIT,1,1.05,2
2018101401,00-0031035,PIT,1,1.00,2
2018101401,00-0033009,CIN,2,1.31,-2
2018101401,00-0033857,PIT,3,2.31,2
2018101402,00-0032257,CLE,1,1.16,1
2018101402,00-0033885,CLE,2,1.29,1
2018101403,00-0027029,BUF,1,1.41,10
2018101403,00-0028263,BUF,1,1.10,10
2018101403,00-0030564,HOU,2,1.79,-10
2018101403,00-0031359,BUF,1,1.31,10
2018101403,00-0033891,BUF,1,1.44,10
2018101403,00-0034366,HOU,1,1.00,-10
2018101404,00-0030085,MIA,1,1.11,7
2018101404,00-0030669,MIA,3,1.27,7
2018101404,00-0030710,CHI,1,1.29,-7
2018101404,00-0031228,CHI,2,1.43,-7
2018101404,00-0031428,CHI,2,1.68,-7
2018101404,00-0032117,MIA,1,1.00,7
2018101404,00-0032791,MIA,1,1.00,7
2018101404,00-0033556,CHI,1,1.63,-7
2018101404,00-0034353,CHI,1,1.50,-7
2018101405,00-0027873,ARI,1,1.35,9.5
2018101405,00-0030035,MIN,1,1.52,-9.5
2018101405,00-0033611,ARI,1,1.00,9.5
2018101405,00-0034775,ARI,1,1.00,9.5
2018101406,00-0028825,NYJ,2,1.39,-2.5
2018101406,00-0029159,NYJ,2,1.45,-2.5
2018101406,00-0030854,IND,1,1.00,2.5
2018101406,00-0031387,IND,1,1.39,2.5
2018101406,00-0032355,IND,2,1.22,2.5
2018101406,00-0034766,NYJ,2,1.00,-2.5
2018101407,00-0028434,SEA,2,1.64,-3
2018101407,00-0030300,SEA,1,1.35,-3
2018101407,00-0032211,SEA,1,1.06,-3
2018101407,00-0033025,OAK,1,1.00,3
2018101407,00-0033589,SEA,2,1.00,-3
2018101408,00-0024221,WAS,2,1.30,1
2018101408,00-0027996,CAR,1,1.38,-1
2018101408,00-0031257,WAS,2,1.43,1
2018101408,00-0032055,CAR,2,1.52,-1
2018101409,00-0027685,DEN,3,1.66,7
2018101409,00-0027874,DEN,2,1.99,7
2018101409,00-0030431,LA,1,1.42,-7
2018101409,00-0031236,LA,1,1.41,-7
2018101409,00-0034348,DEN,1,4.00,7
2018101410,00-0029000,DAL,3,1.47,3
2018101410,00-0034764,DAL,1,1.00,3
2018101411,00-0026986,BAL,4,1.57,-2.5
2018101411,00-0030663,BAL,1,1.23,-2.5
2018101411,00-0031051,BAL,1,1.32,-2.5
2018101411,00-0033871,TEN,1,1.43,2.5
2018101412,00-0027150,NE,2,1.87,-3.5
2018101412,00-0027656,NE,2,1.94,-3.5
2018101412,00-0028237,NE,1,1.48,-3.5
2018101412,00-0033040,KC,4,1.41,3.5
2018101412,00-0033923,KC,2,1.20,3.5
2018101500,00-0027696,GB,2,1.95,-9
2018101500,00-0027985,GB,1,1.16,-9
2018101500,00-0029892,SF,1,1.27,9
2018101500,00-0030068,SF,2,1.29,9
2018101500,00-0031381,GB,3,1.91,-9
2018101500,00-0033307,SF,1,1.50,9
2018101500,00-0034272,GB,2,3.00,-9
2018101800,00-0022921,ARI,1,1.89,1
2018101800,00-0027685,DEN,1,1.65,-1
2018101800,00-0034348,DEN,1,4.00,-1
2018101800,00-0034775,ARI,2,1.00,1
2018102100,00-0028042,TEN,1,1.13,6.5
2018102100,00-0028087,TEN,1,1.29,6.5
2018102100,00-0032764,TEN,1,1.17,6.5
2018102101,00-0022943,NO,1,1.47,2.5
2018102101,00-0031051,BAL,2,1.32,-2.5
2018102101,00-0032765,NO,2,2.14,2.5
2018102101,00-0034753,BAL,1,1.00,-2.5
2018102101,00-0034765,NO,1,2.00,2.5
2018102102,00-0027150,NE,1,1.89,-1
2018102102,00-0028237,NE,1,1.48,-1
2018102102,00-0029664,NE,2,1.68,-1
2018102102,00-0030710,CHI,3,1.27,1
2018102102,00-0031062,NE,2,1.52,-1
2018102102,00-0031545,CHI,1,1.67,1
2018102102,00-0033556,CHI,2,1.67,1
2018102102,00-0034353,CHI,1,1.50,1
2018102103,00-0029608,IND,2,1.69,-7
2018102103,00-0030854,IND,1,1.00,-7
2018102103,00-0031359,BUF,1,1.31,7
2018102103,00-0032355,IND,1,1.30,-7
2018102103,00-0033951,IND,1,1.00,-7
2018102104,00-0030564,HOU,2,1.77,4
2018102105,00-0027942,CIN,3,1.84,6
2018102105,00-0030155,KC,1,1.25,-6
2018102105,00-0030414,KC,1,1.00,-6
2018102105,00-0030506,KC,2,1.51,-6
2018102105,00-0031325,KC,1,1.38,-6
2018102105,00-0032134,CIN,1,1.29,6
2018102105,00-0033040,KC,2,1.44,-6
2018102105,00-0033923,KC,2,1.20,-6
2018102106,00-0026035,MIA,1,1.58,3
2018102106,00-0027891,DET,1,1.52,-3
2018102106,00-0030085,MIA,1,1.11,3
2018102106,00-0030669,MIA,1,1.27,3
2018102106,00-0031189,DET,1,1.38,-3
2018102106,00-0033559,DET,3,1.00,-3
2018102106,00-0033932,DET,1,1.57,-3
2018102106,00-0034829,MIA,1,1.50,3
2018102107,00-0027691,NYJ,1,1.26,3
2018102107,00-0028116,MIN,1,1.25,-3
2018102107,00-0030035,MIN,2,1.54,-3
2018102107,00-0030656,NYJ,1,1.25,3
2018102107,00-0032688,NYJ,1,1.45,3
2018102107,00-0034766,NYJ,1,1.00,3
2018102108,00-0025418,CAR,1,1.75,4.5
2018102108,00-0027996,CAR,1,1.41,4.5
2018102108,00-0029137,PHI,3,1.88,-4.5
2018102108,00-0029572,CAR,1,1.17,4.5
2018102108,00-0030061,PHI,2,1.60,-4.5
2018102108,00-0032055,CAR,1,1.50,4.5
2018102108,00-0033280,CAR,1,1.55,4.5
2018102108,00-0034351,PHI,2,1.00,-4.5
2018102109,00-0031382,CLE,2,1.70,3.5
2018102109,00-0031408,TB,2,1.64,-3.5
2018102109,00-0033879,TB,1,1.13,-3.5
2018102109,00-0033885,CLE,2,1.38,3.5
2018102109,00-0033921,TB,1,1.45,-3.5
2018102110,00-0029638,WAS,1,1.63,1
2018102110,00-0030472,WAS,1,1.88,1
2018102110,00-0030821,DAL,2,1.58,-1
2018102110,00-0031102,WAS,1,1.00,1
2018102110,00-0034764,DAL,2,1.00,-1
2018102111,00-0030431,LA,2,1.42,-9.5
2018102111,00-0031236,LA,3,1.41,-9.5
2018102111,00-0032241,LA,1,1.50,-9.5
2018102111,00-0033288,SF,4,1.71,9.5
2018102200,00-0031235,NYG,3,2.00,4
2018102200,00-0032058,ATL,1,1.22,-4
2018102200,00-0032385,NYG,3,1.79,4
2018102200,00-0032392,ATL,1,1.47,-4
2018102200,00-0033094,ATL,1,1.00,-4
2018102200,00-0034378,ATL,1,1.00,-4
2018102500,00-0030564,HOU,2,1.78,-7.5
2018102500,00-0031547,MIA,2,1.55,7.5
2018102500,00-0033118,MIA,1,1.14,7.5
2018102500,00-0033127,HOU,2,1.43,-7.5
2018102500,00-0034420,HOU,2,1.00,-7.5
2018102800,00-0030061,PHI,1,1.61,-3.5
2018102800,00-0031299,PHI,2,1.58,-3.5
2018102800,00-0031549,PHI,1,1.50,-3.5
2018102800,00-0032782,PHI,1,1.33,-3.5
2018102800,00-0034351,PHI,1,1.25,-3.5
2018102801,00-0025418,CAR,1,1.74,2.5
2018102801,00-0031577,BAL,1,1.33,-2.5
2018102801,00-0033280,CAR,1,1.55,2.5
2018102802,00-0033556,CHI,1,1.70,-9
2018102802,00-0034353,CHI,2,1.33,-9
2018102802,00-0034766,NYJ,1,1.50,9
2018102803,00-0026189,TB,1,1.44,3.5
2018102803,00-0027942,CIN,2,1.82,-3.5
2018102803,00-0031408,TB,4,1.63,3.5
2018102803,00-0033009,CIN,4,1.36,-3.5
2018102803,00-0033879,TB,2,1.13,3.5
2018102803,00-0033921,TB,1,1.45,3.5
2018102804,00-0027325,DET,1,1.00,-3
2018102804,00-0027675,SEA,2,1.31,3
2018102804,00-0028434,SEA,1,1.63,3
2018102804,00-0029293,DET,2,1.52,-3
2018102804,00-0032211,SEA,1,1.17,3
2018102804,00-0033589,SEA,3,1.00,3
2018102804,00-0034349,DET,1,1.00,-3
2018102805,00-0027685,DEN,1,1.63,8.5
2018102805,00-0030506,KC,1,1.50,-8.5
2018102805,00-0031325,KC,4,1.37,-8.5
2018102805,00-0032227,DEN,1,1.33,8.5
2018102805,00-0033040,KC,2,1.47,-8.5
2018102805,00-0033375,DEN,1,1.00,8.5
2018102805,00-0033923,KC,1,1.45,-8.5
2018102805,00-0034348,DEN,2,4.00,8.5
2018102806,00-0024221,WAS,1,1.30,-1
2018102806,00-0025394,WAS,1,1.21,-1
2018102806,00-0030670,NYG,1,1.50,1
2018102806,00-0031235,NYG,3,2.07,1
2018102806,00-0031257,WAS,1,1.40,-1
2018102806,00-0033881,NYG,1,1.30,1
2018102806,00-0034844,NYG,1,1.75,1
2018102807,00-0027793,PIT,2,2.11,-9
2018102807,00-0030470,PIT,1,1.05,-9
2018102807,00-0031382,CLE,1,1.75,9
2018102807,00-0033080,CLE,1,1.00,9
2018102807,00-0034273,CLE,1,1.00,9
2018102807,00-0034772,CLE,1,2.50,9
2018102808,00-0027061,OAK,2,1.55,3
2018102808,00-0027681,OAK,1,1.51,3
2018102808,00-0029608,IND,1,1.70,-3
2018102808,00-0030181,IND,1,1.37,-3
2018102808,00-0031166,OAK,1,1.48,3
2018102808,00-0031387,IND,1,1.41,-3
2018102808,00-0033217,IND,1,1.00,-3
2018102809,00-0022921,ARI,3,1.89,2.5
2018102809,00-0030068,SF,1,1.28,-2.5
2018102809,00-0033288,SF,1,1.73,-2.5
2018102809,00-0034775,ARI,1,1.00,2.5
2018102810,00-0027696,GB,1,1.94,7.5
2018102810,00-0031236,LA,2,1.43,-7.5
2018102810,00-0031381,GB,3,1.98,7.5
2018102810,00-0032241,LA,2,1.52,-7.5
2018102810,00-0033895,LA,1,1.30,-7.5
2018102810,00-0033943,LA,3,1.80,-7.5
2018102810,00-0034272,GB,1,3.00,7.5
2018102811,00-0027981,MIN,1,1.65,2.5
2018102811,00-0030035,MIN,3,1.56,2.5
2018102811,00-0031588,MIN,3,1.78,2.5
2018102811,00-0032765,NO,2,2.13,-2.5
2018102811,00-0033906,NO,1,2.54,-2.5
2018102900,00-0027029,BUF,1,1.41,14
2018102900,00-0027150,NE,2,1.91,-14
2018102900,00-0027656,NE,1,1.94,-14
2018102900,00-0028112,BUF,1,1.51,14
2018102900,00-0028237,NE,2,1.48,-14
2018102900,00-0028263,BUF,2,1.10,14
2018102900,00-0031359,BUF,1,1.31,14
2018110100,00-0026345,SF,2,1.77,2
2018110100,00-0029613,OAK,1,1.23,-2
2018110100,00-0031373,OAK,1,1.52,-2
2018110100,00-0033025,OAK,1,1.00,-2
2018110100,00-0033288,SF,2,1.69,2
2018110100,00-0033307,SF,1,1.38,2
2018110400,00-0027793,PIT,1,2.09,-1
2018110400,00-0030663,BAL,1,1.22,1
2018110400,00-0032135,PIT,1,1.41,-1
2018110400,00-0032398,BAL,1,1.50,1
2018110400,00-0033553,PIT,1,1.25,-1
2018110400,00-0033857,PIT,1,2.20,-1
2018110400,00-0034753,BAL,2,1.00,1
2018110400,00-0034830,BAL,1,1.00,1
2018110401,00-0027531,BUF,1,1.27,10
2018110401,00-0030710,CHI,2,1.29,-10
2018110401,00-0031228,CHI,1,1.43,-10
2018110402,00-0025418,CAR,3,1.73,-6.5
2018110402,00-0026189,TB,1,1.43,6.5
2018110402,00-0032009,TB,2,1.19,6.5
2018110402,00-0032055,CAR,1,1.50,-6.5
2018110402,00-0033280,CAR,2,1.58,-6.5
2018110402,00-0033282,CAR,1,1.00,-6.5
2018110402,00-0033879,TB,3,1.11,6.5
2018110402,00-0033921,TB,1,1.50,6.5
2018110403,00-0030414,KC,2,1.00,-7.5
2018110403,00-0030506,KC,3,1.51,-7.5
2018110403,00-0031325,KC,1,1.39,-7.5
2018110403,00-0032128,KC,1,1.40,-7.5
2018110403,00-0032257,CLE,3,1.15,7.5
2018110403,00-0033040,KC,1,1.47,-7.5
2018110403,00-0033923,KC,1,1.42,-7.5
2018110403,00-0034772,CLE,1,2.00,7.5
2018110404,00-0026035,MIA,1,1.58,-3
2018110404,00-0031023,NYJ,1,1.71,3
2018110404,00-0033295,NYJ,1,1.00,3
2018110404,00-0034766,NYJ,2,1.33,3
2018110405,00-0027981,MIN,1,1.68,-5.5
2018110405,00-0030035,MIN,1,1.58,-5.5
2018110405,00-0032951,MIN,1,1.00,-5.5
2018110406,00-0024221,WAS,1,1.30,1
2018110406,00-0027944,ATL,3,1.94,-1
2018110406,00-0032058,ATL,2,1.22,-1
2018110406,00-0032362,WAS,1,2.00,1
2018110406,00-0032392,ATL,2,1.47,-1
2018110406,00-0032760,WAS,2,1.62,1
2018110406,00-0034837,ATL,1,1.67,-1
2018110407,00-0027874,HOU,1,1.99,-1
2018110407,00-0030564,HOU,1,1.78,-1
2018110407,00-0031744,DEN,1,1.00,1
2018110407,00-0032227,DEN,1,1.71,1
2018110407,00-0034348,DEN,2,4.00,1
2018110407,00-0034420,HOU,1,2.00,-1
2018110408,00-0028434,SEA,1,1.62,1
2018110408,00-0030300,SEA,1,1.33,1
2018110408,00-0032394,SEA,1,1.00,1
2018110409,00-0022943,NO,2,1.46,1.5
2018110409,00-0031236,LA,3,1.43,-1.5
2018110409,00-0031806,LA,1,1.00,-1.5
2018110409,00-0032765,NO,1,2.13,1.5
2018110409,00-0033110,LA,1,1.00,-1.5
2018110409,00-0033895,LA,1,1.30,-1.5
2018110409,00-0033906,NO,1,2.50,1.5
2018110409,00-0033908,LA,2,1.94,-1.5
2018110409,00-0034765,NO,1,1.50,1.5
2018110410,00-0027150,NE,1,1.89,-4.5
2018110410,00-0027696,GB,1,1.93,4.5
2018110410,00-0029664,NE,2,1.65,-4.5
2018110410,00-0029689,NE,1,1.29,-4.5
2018110410,00-0031062,NE,1,1.52,-4.5
2018110410,00-0031381,GB,1,1.98,4.5
2018110410,00-0034272,GB,3,3.00,4.5
2018110500,00-0028087,TEN,2,1.29,4
2018110500,00-0030821,DAL,1,1.58,-4
2018110500,00-0031544,DAL,1,1.41,-4
2018110500,00-0031972,TEN,1,3.00,4
2018110500,00-0033045,DAL,1,1.44,-4
2018110500,00-0033858,TEN,2,1.25,4
2018110500,00-0034764,DAL,2,1.00,-4
2018110800,00-0027793,PIT,2,2.11,-3.5
2018110800,00-0030470,PIT,1,1.05,-3.5
2018110800,00-0032135,PIT,1,1.39,-3.5
2018110800,00-0033280,CAR,2,1.54,3.5
2018110800,00-0033857,PIT,1,2.19,-3.5
2018111100,00-0029293,DET,1,1.50,7.5
2018111100,00-0030710,CHI,1,1.28,-7.5
2018111100,00-0031428,CHI,4,1.64,-7.5
2018111100,00-0032661,CHI,1,1.00,-7.5
2018111100,00-0033932,DET,2,1.57,7.5
2018111100,00-0034349,DET,1,1.25,7.5
2018111100,00-0034353,CHI,2,1.20,-7.5
2018111101,00-0027966,NO,2,1.31,-6
2018111101,00-0030456,CIN,1,1.21,6
2018111101,00-0032765,NO,2,2.08,-6
2018111101,00-0033009,CIN,2,1.33,6
2018111101,00-0033460,CIN,2,1.33,6
2018111102,00-0027944,ATL,4,1.94,-5.5
2018111102,00-0032257,CLE,1,1.19,5.5
2018111102,00-0032392,ATL,1,1.47,-5.5
2018111102,00-0032977,CLE,1,1.00,5.5
2018111102,00-0034772,CLE,1,2.00,5.5
2018111102,00-0034791,CLE,1,1.00,5.5
2018111102,00-0034837,ATL,1,1.67,-5.5
2018111103,00-0024243,GB,1,1.37,-12.5
2018111103,00-0026035,MIA,1,1.58,12.5
2018111103,00-0031381,GB,2,1.98,-12.5
2018111103,00-0033060,MIA,1,1.00,12.5
2018111104,00-0029608,IND,2,1.73,-3
2018111104,00-0030181,IND,1,1.35,-3
2018111104,00-0031387,IND,2,1.39,-3
2018111104,00-0033217,IND,2,1.00,-3
2018111105,00-0032128,KC,1,1.40,-17
2018111105,00-0032187,ARI,3,1.50,17
2018111105,00-0033040,KC,3,1.47,-17
2018111105,00-0033611,ARI,1,1.00,17
2018111106,00-0028263,BUF,1,1.10,7
2018111106,00-0033891,BUF,2,1.50,7
2018111106,00-0034766,NYJ,1,1.33,-7
2018111107,00-0026189,TB,1,1.43,-3.5
2018111107,00-0028083,TB,1,1.36,-3.5
2018111107,00-0030472,WAS,1,1.85,3.5
2018111107,00-0031408,TB,1,1.67,-3.5
2018111107,00-0032009,TB,2,1.23,-3.5
2018111107,00-0032362,WAS,1,1.50,3.5
2018111107,00-0032760,WAS,1,1.64,3.5
2018111107,00-0033921,TB,1,1.46,-3.5
2018111108,00-0027150,NE,2,1.89,-6.5
2018111108,00-0029664,NE,2,1.67,-6.5
2018111108,00-0033858,TEN,2,1.20,6.5
2018111108,00-0033871,TEN,4,1.67,6.5
2018111109,00-0027061,OAK,1,1.55,10
2018111109,00-0029613,OAK,1,1.23,10
2018111109,00-0033025,OAK,1,1.00,10
2018111110,00-0027675,SEA,1,1.29,9.5
2018111110,00-0030431,LA,2,1.42,-9.5
2018111110,00-0032063,SEA,1,1.67,9.5
2018111110,00-0032211,SEA,2,1.17,9.5
2018111110,00-0032241,LA,1,1.50,-9.5
2018111110,00-0032394,SEA,1,1.00,9.5
2018111110,00-0033110,LA,1,1.00,-9.5
2018111110,00-0033895,LA,1,1.27,-9.5
2018111110,00-0033908,LA,1,1.94,-9.5
2018111111,00-0029000,DAL,1,1.49,7.5
2018111111,00-0030061,PHI,4,1.60,-7.5
2018111111,00-0030821,DAL,1,1.58,7.5
2018111111,00-0031544,DAL,1,1.50,7.5
2018111111,00-0031549,PHI,1,1.48,-7.5
2018111111,00-0033045,DAL,1,1.50,7.5
2018111111,00-0034764,DAL,1,1.00,7.5
2018111200,00-0030068,SF,1,1.26,-3
2018111200,00-0031235,NYG,3,2.05,3
2018111200,00-0032385,NYG,1,1.81,3
2018111200,00-0033288,SF,1,1.65,-3
2018111200,00-0033308,SF,1,1.00,-3
2018111200,00-0033881,NYG,1,1.27,3
2018111200,00-0034844,NYG,1,1.80,3
2018111500,00-0027675,SEA,1,1.29,-3
2018111500,00-0028434,SEA,1,1.60,-3
2018111500,00-0031381,GB,2,2.00,3
2018111500,00-0032211,SEA,1,1.17,-3
2018111500,00-0033293,GB,2,1.33,3
2018111500,00-0033589,SEA,1,1.25,-3
2018111800,00-0027944,ATL,3,1.96,-3.5
2018111800,00-0033045,DAL,1,1.55,3.5
2018111801,00-0031051,BAL,1,1.32,-6.5
2018111801,00-0031788,CIN,1,1.00,6.5
2018111801,00-0032134,CIN,1,1.22,6.5
2018111801,00-0033009,CIN,2,1.33,6.5
2018111801,00-0033460,CIN,1,1.25,6.5
2018111801,00-0033897,CIN,1,1.00,6.5
2018111802,00-0028116,MIN,1,1.25,2.5
2018111802,00-0031588,MIN,2,1.79,2.5
2018111802,00-0034353,CHI,1,1.17,-2.5
2018111803,00-0025418,CAR,1,1.72,-4
2018111803,00-0029572,CAR,1,1.16,-4
2018111803,00-0031326,DET,1,1.56,4
2018111803,00-0032055,CAR,1,1.49,-4
2018111803,00-0033280,CAR,1,1.50,-4
2018111803,00-0033282,CAR,1,1.00,-4
2018111803,00-0033932,DET,2,1.75,4
2018111804,00-0028411,IND,1,1.67,1.5
2018111804,00-0029608,IND,2,1.71,1.5
2018111804,00-0032778,TEN,1,1.22,-1.5
2018111804,00-0033455,TEN,1,1.00,-1.5
2018111804,00-0033871,TEN,1,1.70,-1.5
2018111804,00-0034367,IND,1,1.25,1.5
2018111805,00-0026189,TB,1,1.43,3
2018111805,00-0031235,NYG,3,2.09,-3
2018111805,00-0031408,TB,3,1.66,3
2018111805,00-0032009,TB,2,1.22,3
2018111805,00-0033879,TB,3,1.30,3
2018111805,00-0033881,NYG,1,1.25,-3
2018111805,00-0033950,NYG,1,1.33,-3
2018111805,00-0034844,NYG,1,1.67,-3
2018111806,00-0030472,WAS,2,1.85,3
2018111806,00-0030564,HOU,1,1.77,-3
2018111806,00-0034364,HOU,1,1.00,-3
2018111806,00-0034366,HOU,1,1.00,-3
2018111807,00-0022921,ARI,2,1.90,-4.5
2018111807,00-0027061,OAK,1,1.55,4.5
2018111807,00-0027681,OAK,2,1.53,4.5
2018111807,00-0031166,OAK,1,1.48,4.5
2018111807,00-0034775,ARI,1,1.00,-4.5
2018111808,00-0027685,DEN,1,1.63,7
2018111808,00-0034348,DEN,2,4.00,7
2018111809,00-0032765,NO,3,2.20,-7
2018111809,00-0033382,NO,1,1.00,-7
2018111809,00-0033906,NO,1,2.38,-7
2018111809,00-0034765,NO,4,1.33,-7
2018111810,00-0027793,PIT,2,2.11,-4
2018111810,00-0030470,PIT,1,1.05,-4
2018111810,00-0033857,PIT,2,2.12,-4
2018111900,00-0030431,LA,3,1.42,-3
2018111900,00-0030506,KC,3,1.53,3
2018111900,00-0031236,LA,3,1.43,-3
2018111900,00-0032128,KC,3,1.40,3
2018111900,00-0033040,KC,5,1.50,3
2018111900,00-0033895,LA,2,1.25,-3
2018111900,00-0033923,KC,1,1.38,3
2018111900,00-0033943,LA,2,1.83,-3
2018112200,00-0031428,CHI,1,1.62,-3
2018112200,00-0033373,CHI,1,1.00,-3
2018112200,00-0033556,CHI,1,1.64,-3
2018112200,00-0033932,DET,2,1.89,3
2018112200,00-0034353,CHI,1,1.14,-3
2018112201,00-0024221,WAS,2,1.30,7
2018112201,00-0030472,WAS,1,1.86,7
2018112201,00-0031544,DAL,2,1.50,-7
2018112201,00-0033591,DAL,1,1.00,-7
2018112202,00-0022943,NO,1,1.47,-12
2018112202,00-0027944,ATL,2,1.96,12
2018112202,00-0029632,ATL,1,1.34,12
2018112202,00-0032058,ATL,1,1.30,12
2018112202,00-0032881,NO,1,2.00,-12
2018112202,00-0033382,NO,1,1.00,-12
2018112202,00-0034837,ATL,3,1.67,12
2018112500,00-0026986,BAL,1,1.55,-12.5
2018112500,00-0027061,OAK,1,1.55,12.5
2018112500,00-0028097,OAK,1,1.00,12.5
2018112500,00-0031051,BAL,1,1.32,-12.5
2018112500,00-0031166,OAK,1,1.48,12.5
2018112500,00-0034753,BAL,1,1.20,-12.5
2018112501,00-0031359,BUF,1,1.32,3
2018112501,00-0034510,BUF,1,1.00,3
2018112502,00-0029572,CAR,1,1.15,-3
2018112502,00-0032211,SEA,3,1.16,3
2018112502,00-0032472,SEA,1,1.00,3
2018112502,00-0033280,CAR,3,1.50,-3
2018112502,00-0033282,CAR,1,1.00,-3
2018112502,00-0033589,SEA,2,1.20,3
2018112502,00-0034827,CAR,1,1.00,-3
2018112503,00-0029738,CLE,1,1.50,-1
2018112503,00-0032257,CLE,1,1.18,-1
2018112503,00-0032977,CLE,1,1.00,-1
2018112503,00-0033009,CIN,2,1.33,1
2018112503,00-0033460,CIN,1,1.25,1
2018112503,00-0033885,CLE,3,1.33,-1
2018112503,00-0034772,CLE,2,2.00,-1
2018112503,00-0034791,CLE,2,1.00,-1
2018112504,00-0028411,IND,1,1.69,-8.5
2018112504,00-0029608,IND,4,1.70,-8.5
2018112504,00-0030181,IND,1,1.33,-8.5
2018112504,00-0031387,IND,2,1.38,-8.5
2018112504,00-0032355,IND,1,1.25,-8.5
2018112504,00-0033060,MIA,1,1.00,8.5
2018112504,00-0033118,MIA,1,1.13,8.5
2018112505,00-0027150,NE,2,1.88,-12.5
2018112505,00-0027656,NE,1,1.93,-12.5
2018112505,00-0028237,NE,2,1.46,-12.5
2018112505,00-0029159,NYJ,1,1.43,12.5
2018112505,00-0029664,NE,1,1.67,-12.5
2018112505,00-0031023,NYJ,1,1.71,12.5
2018112505,00-0034766,NYJ,1,1.33,12.5
2018112506,00-0029137,PHI,1,1.87,-5
2018112506,00-0029587,NYG,2,1.11,5
2018112506,00-0030061,PHI,2,1.63,-5
2018112506,00-0030147,NYG,1,1.08,5
2018112506,00-0031235,NYG,1,2.07,5
2018112506,00-0033725,PHI,1,1.00,-5
2018112506,00-0034844,NYG,1,1.57,5
2018112507,00-0031273,TB,1,1.54,-2
2018112507,00-0031408,TB,2,1.65,-2
2018112507,00-0032009,TB,1,1.21,-2
2018112507,00-0033308,SF,1,1.00,2
2018112507,00-0034860,SF,3,1.00,2
2018112508,00-0022921,ARI,1,1.90,14
2018112509,00-0027685,DEN,2,1.63,3
2018112509,00-0031035,PIT,1,1.00,-3
2018112509,00-0031744,DEN,1,1.00,3
2018112509,00-0032227,DEN,1,1.63,3
2018112509,00-0033553,PIT,1,1.50,-3
2018112509,00-0033562,PIT,1,1.00,-3
2018112509,00-0033857,PIT,1,2.06,-3
2018112510,00-0027696,GB,1,1.93,3.5
2018112510,00-0030035,MIN,4,1.57,-3.5
2018112510,00-0031381,GB,2,2.00,3.5
2018112510,00-0031588,MIN,2,1.80,-3.5
2018112510,00-0033893,MIN,1,1.50,-3.5
2018112600,00-0027874,HOU,2,1.99,-3.5
2018112600,00-0030108,HOU,1,1.37,-3.5
2018112600,00-0030564,HOU,2,1.77,-3.5
2018112600,00-0033455,TEN,1,1.00,3.5
2018112600,00-0033858,TEN,1,1.17,3.5
2018112600,00-0033871,TEN,2,1.70,3.5
2018112900,00-0033045,DAL,1,1.58,7
2018112900,00-0034317,NO,1,1.00,-7
2018112900,00-0034764,DAL,1,1.00,7
2018120200,00-0032392,ATL,1,1.59,-2.5
2018120200,00-0032398,BAL,1,1.50,2.5
2018120200,00-0034753,BAL,1,1.20,2.5
2018120201,00-0032134,CIN,1,1.20,4
2018120201,00-0032795,CIN,1,1.00,4
2018120201,00-0032972,DEN,1,1.18,-4
2018120201,00-0033009,CIN,3,1.33,4
2018120201,00-0034348,DEN,2,4.00,-4
2018120202,00-0030431,LA,2,1.49,-10
2018120202,00-0030443,DET,2,1.07,10
2018120202,00-0031189,DET,1,1.38,10
2018120202,00-0031236,LA,1,1.42,-10
2018120202,00-0033932,DET,1,1.90,10
2018120203,00-0022921,ARI,1,1.90,13
2018120203,00-0031381,GB,1,2.02,-13
2018120203,00-0034775,ARI,1,1.00,13
2018120204,00-0030564,HOU,2,1.77,-5.5
2018120204,00-0031382,CLE,3,1.73,5.5
2018120204,00-0032977,CLE,2,1.00,5.5
2018120204,00-0034420,HOU,1,1.67,-5.5
2018120204,00-0034772,CLE,1,2.00,5.5
2018120204,00-0034791,CLE,1,1.33,5.5
2018120205,00-0031387,IND,1,1.40,-4
2018120206,00-0028581,BUF,1,1.10,3.5
2018120206,00-0030085,MIA,1,1.10,-3.5
2018120206,00-0031547,MIA,1,1.52,-3.5
2018120206,00-0033118,MIA,1,1.13,-3.5
2018120206,00-0033466,BUF,1,1.00,3.5
2018120206,00-0033891,BUF,3,1.62,3.5
2018120206,00-0034510,BUF,1,1.00,3.5
2018120207,00-0030147,NYG,1,1.08,4
2018120207,00-0031235,NYG,2,2.04,4
2018120207,00-0031428,CHI,1,1.60,-4
2018120207,00-0033556,CHI,3,1.58,-4
2018120207,00-0033896,CHI,1,1.50,-4
2018120207,00-0034353,CHI,1,1.14,-4
2018120208,00-0027793,PIT,2,2.09,-3
2018120208,00-0034331,PIT,1,1.00,-3
2018120209,00-0029572,CAR,1,1.14,-3.5
2018120209,00-0031408,TB,1,1.65,3.5
2018120209,00-0032009,TB,1,1.21,3.5
2018120209,00-0032055,CAR,1,1.47,-3.5
2018120209,00-0033280,CAR,1,1.67,-3.5
2018120209,00-0033282,CAR,2,1.00,-3.5
2018120209,00-0033921,TB,2,1.46,3.5
2018120209,00-0034365,CAR,1,1.50,-3.5
2018120210,00-0026176,OAK,2,1.81,14
2018120210,00-0027061,OAK,3,1.54,14
2018120210,00-0028097,OAK,1,1.00,14
2018120210,00-0030155,KC,1,1.24,-14
2018120210,00-0030506,KC,6,1.54,-14
2018120210,00-0032128,KC,1,1.44,-14
2018120210,00-0032775,KC,1,1.83,-14
2018120211,00-0032778,TEN,2,1.20,-9.5
2018120211,00-0033455,TEN,2,1.00,-9.5
2018120211,00-0033871,TEN,2,1.70,-9.5
2018120211,00-0033911,TEN,2,1.17,-9.5
2018120211,00-0034766,NYJ,1,1.33,9.5
2018120212,00-0027981,MIN,1,1.72,6
2018120212,00-0029664,NE,2,1.67,-6
2018120212,00-0030035,MIN,1,1.55,6
2018120212,00-0030578,NE,2,1.24,-6
2018120212,00-0031062,NE,1,1.53,-6
2018120212,00-0031588,MIN,1,1.81,6
2018120213,00-0028434,SEA,2,1.62,-9.5
2018120213,00-0030300,SEA,3,1.32,-9.5
2018120213,00-0032211,SEA,1,1.15,-9.5
2018120213,00-0033288,SF,1,1.61,9.5
2018120213,00-0033307,SF,1,1.36,9.5
2018120213,00-0033308,SF,2,1.00,9.5
2018120213,00-0033594,SEA,1,1.00,-9.5
2018120213,00-0034860,SF,2,1.00,9.5
2018120300,00-0027891,PHI,2,1.53,-6
2018120300,00-0030061,PHI,1,1.61,-6
2018120300,00-0031299,PHI,1,1.58,-6
2018120300,00-0031549,PHI,1,1.47,-6
2018120300,00-0032760,WAS,2,1.56,6
2018120300,00-0033725,PHI,1,1.00,-6
2018120600,00-0028087,TEN,1,1.35,-5.5
2018120900,00-0032688,NYJ,3,1.42,4.5
2018120900,00-0034510,BUF,1,1.00,-4.5
2018120901,00-0029091,CHI,1,1.00,3
2018120901,00-0030431,LA,1,1.47,-3
2018120902,00-0029572,CAR,1,1.14,-1
2018120902,00-0031382,CLE,1,1.73,1
2018120902,00-0032054,CLE,1,1.17,1
2018120902,00-0033280,CAR,1,1.69,-1
2018120902,00-0033282,CAR,2,1.00,-1
2018120902,00-0033885,CLE,1,1.30,1
2018120902,00-0034827,CAR,1,1.00,-1
2018120903,00-0027944,ATL,3,1.98,4
2018120903,00-0028002,GB,1,1.81,-4
2018120903,00-0031381,GB,3,2.02,-4
2018120903,00-0031570,ATL,1,1.25,4
2018120904,00-0027874,HOU,1,1.98,-4
2018120904,00-0029608,IND,4,1.69,4
2018120904,00-0030108,HOU,1,1.37,-4
2018120904,00-0030564,HOU,1,1.77,-4
2018120904,00-0031387,IND,2,1.39,4
2018120904,00-0033251,IND,2,1.33,4
2018120904,00-0034364,HOU,1,1.00,-4
2018120905,00-0030414,KC,1,1.00,-6.5
2018120905,00-0030506,KC,1,1.57,-6.5
2018120905,00-0030874,KC,1,1.09,-6.5
2018120905,00-0031051,BAL,1,1.34,6.5
2018120905,00-0031558,BAL,1,1.25,6.5
2018120905,00-0032411,BAL,1,1.00,6.5
2018120905,00-0033040,KC,2,1.48,-6.5
2018120906,00-0023500,MIA,1,1.37,9.5
2018120906,00-0027150,NE,2,1.86,-9.5
2018120906,00-0027656,NE,1,1.94,-9.5
2018120906,00-0029664,NE,2,1.64,-9.5
2018120906,00-0030085,MIA,4,1.10,9.5
2018120906,00-0030516,MIA,1,1.24,9.5
2018120906,00-0030578,NE,1,1.24,-9.5
2018120907,00-0029931,NO,1,1.09,-9
2018120907,00-0031273,TB,2,1.53,9
2018120907,00-0031408,TB,2,1.65,9
2018120907,00-0032765,NO,1,2.15,-9
2018120907,00-0032881,NO,1,2.00,-9
2018120908,00-0030147,NYG,1,1.08,-3
2018120908,00-0030670,NYG,1,1.50,-3
2018120908,00-0031941,WAS,1,1.58,3
2018120908,00-0032385,NYG,1,1.74,-3
2018120908,00-0032760,WAS,2,1.56,3
2018120908,00-0032966,NYG,1,1.10,-3
2018120908,00-0033881,NYG,2,1.25,-3
2018120909,00-0032134,CIN,1,1.20,16.5
2018120909,00-0033009,CIN,1,1.33,16.5
2018120909,00-0033460,CIN,1,1.33,16.5
2018120910,00-0033288,SF,3,1.58,3
2018120910,00-0033375,DEN,1,1.00,-3
2018120910,00-0034860,SF,2,1.00,3
2018120912,00-0023564,PHI,2,1.64,3
2018120912,00-0029137,PHI,1,1.85,3
2018120912,00-0031544,DAL,4,1.50,-3
2018120912,00-0031549,PHI,1,1.45,3
2018120912,00-0034351,PHI,2,1.25,3
2018120913,00-0027061,OAK,1,1.54,9.5
2018120913,00-0028097,OAK,1,1.00,9.5
2018120913,00-0029119,OAK,2,1.00,9.5
2018120913,00-0031166,OAK,1,1.48,9.5
2018120913,00-0032135,PIT,1,1.36,-9.5
2018120913,00-0033857,PIT,3,2.05,-9.5
2018120913,00-0034331,PIT,1,1.50,-9.5
2018120913,00-0034676,PIT,1,1.00,-9.5
2018120913,00-0034747,OAK,1,1.00,9.5
2018121000,00-0030035,MIN,1,1.53,3
2018121000,00-0031588,MIN,1,1.78,3
2018121000,00-0033893,MIN,1,1.33,3
2018121300,00-0030874,KC,1,1.13,-4
2018121300,00-0032775,KC,1,1.71,-4
2018121300,00-0033040,KC,1,1.50,-4
2018121500,00-0027691,NYJ,1,1.26,7
2018121500,00-0027874,HOU,2,1.98,-7
2018121500,00-0030564,HOU,4,1.81,-7
2018121500,00-0031763,HOU,1,1.00,-7
2018121500,00-0032688,NYJ,3,1.62,7
2018121500,00-0034766,NYJ,1,1.33,7
2018121501,00-0032054,CLE,1,1.17,2
2018121501,00-0033375,DEN,1,1.00,-2
2018121501,00-0033885,CLE,1,1.30,2
2018121501,00-0034772,CLE,1,1.80,2
2018121600,00-0022921,ARI,1,1.90,9
2018121600,00-0027944,ATL,2,1.98,-9
2018121600,00-0031570,ATL,1,1.33,-9
2018121600,00-0032187,ARI,1,1.45,9
2018121601,00-0030663,BAL,1,1.25,-8.5
2018121601,00-0031408,TB,3,1.65,8.5
2018121601,00-0032398,BAL,1,1.50,-8.5
2018121602,00-0033627,BUF,1,1.00,-2.5
2018121602,00-0033932,DET,5,2.00,2.5
2018121602,00-0034510,BUF,3,1.00,-2.5
2018121603,00-0030710,CHI,1,1.29,-6
2018121603,00-0031381,GB,3,2.00,6
2018121603,00-0031428,CHI,1,1.59,-6
2018121603,00-0033556,CHI,1,1.62,-6
2018121603,00-0033896,CHI,1,1.40,-6
2018121603,00-0033948,GB,1,1.40,6
2018121604,00-0026176,OAK,1,1.79,3
2018121604,00-0028097,OAK,1,1.00,3
2018121604,00-0030456,CIN,1,1.20,-3
2018121604,00-0031166,OAK,1,1.46,3
2018121604,00-0031610,OAK,1,1.33,3
2018121604,00-0032134,CIN,1,1.20,-3
2018121604,00-0033009,CIN,2,1.33,-3
2018121604,00-0033025,OAK,1,1.00,3
2018121605,00-0029608,IND,2,1.69,-3
2018121606,00-0031941,WAS,1,1.58,7
2018121606,00-0033528,WAS,1,1.00,7
2018121607,00-0028116,MIN,1,1.23,-8
2018121607,00-0031588,MIN,1,1.78,-8
2018121607,00-0033893,MIN,1,1.25,-8
2018121608,00-0030147,NYG,1,1.07,2.5
2018121608,00-0030670,NYG,1,1.46,2.5
2018121608,00-0032385,NYG,1,1.79,2.5
2018121608,00-0033881,NYG,1,1.25,2.5
2018121609,00-0028434,SEA,3,1.61,-4
2018121609,00-0028903,SF,2,1.19,4
2018121609,00-0032211,SEA,1,1.14,-4
2018121609,00-0033288,SF,2,1.58,4
2018121609,00-0033308,SF,1,1.00,4
2018121609,00-0034860,SF,2,1.00,4
2018121610,00-0027150,NE,2,1.88,-2.5
2018121610,00-0027793,PIT,2,2.10,2.5
2018121610,00-0028237,NE,1,1.45,-2.5
2018121610,00-0030470,PIT,1,1.04,2.5
2018121610,00-0033857,PIT,1,2.15,2.5
2018121610,00-0034331,PIT,1,1.50,2.5
2018121610,00-0034676,PIT,2,1.00,2.5
2018121611,00-0029137,PHI,3,1.84,13.5
2018121611,00-0030431,LA,1,1.47,-13.5
2018121611,00-0031236,LA,1,1.41,-13.5
2018121611,00-0033895,LA,1,1.29,-13.5
2018121611,00-0033943,LA,1,2.00,-13.5
2018121700,00-0022943,NO,1,1.47,-6
2018121700,00-0031484,CAR,1,1.00,6
2018121700,00-0033280,CAR,1,1.69,6
2018121700,00-0034317,NO,1,1.00,-6
2018122200,00-0029638,WAS,1,1.59,12
2018122200,00-0031585,TEN,2,1.00,-12
2018122200,00-0031941,WAS,1,1.58,12
2018122200,00-0032760,WAS,1,1.50,12
2018122200,00-0033911,TEN,1,1.17,-12
2018122201,00-0026986,BAL,1,1.56,4
2018122201,00-0034753,BAL,1,1.17,4
2018122300,00-0028411,IND,2,1.69,-9.5
2018122300,00-0029608,IND,3,1.67,-9.5
2018122300,00-0030670,NYG,1,1.43,9.5
2018122300,00-0031167,NYG,1,1.00,9.5
2018122300,00-0032355,IND,1,1.25,-9.5
2018122300,00-0032385,NYG,2,1.79,9.5
2018122300,00-0033881,NYG,2,1.23,9.5
2018122300,00-0034367,IND,1,1.40,-9.5
2018122302,00-0026035,MIA,1,1.56,-3
2018122302,00-0029239,MIA,1,1.00,-3
2018122302,00-0034799,MIA,1,1.00,-3
2018122304,00-0027944,ATL,1,1.97,-3
2018122304,00-0029572,CAR,1,1.14,3
2018122304,00-0029632,ATL,1,1.33,-3
2018122304,00-0032392,ATL,1,1.58,-3
2018122304,00-0034365,CAR,2,1.67,3
2018122304,00-0034837,ATL,1,1.75,-3
2018122305,00-0029738,CLE,1,1.45,-10
2018122305,00-0032054,CLE,1,1.17,-10
2018122305,00-0032134,CIN,1,1.18,10
2018122305,00-0032257,CLE,1,1.17,-10
2018122305,00-0032543,CIN,1,1.00,10
2018122305,00-0032795,CIN,1,1.00,10
2018122305,00-0032977,CLE,1,1.00,-10
2018122305,00-0033460,CIN,1,1.25,10
2018122305,00-0033885,CLE,2,1.27,-10
2018122306,00-0026189,TB,1,1.42,7
2018122306,00-0031408,TB,2,1.65,7
2018122306,00-0033434,TB,1,1.00,7
2018122306,00-0033921,TB,1,1.44,7
2018122306,00-0034764,DAL,2,1.00,-7
2018122307,00-0027981,MIN,2,1.71,-6.5
2018122307,00-0030035,MIN,1,1.55,-6.5
2018122307,00-0031588,MIN,1,1.79,-6.5
2018122307,00-0033893,MIN,1,1.25,-6.5
2018122307,00-0033932,DET,1,2.00,6.5
2018122308,00-0027150,NE,1,1.89,-14
2018122308,00-0030288,NE,1,1.08,-14
2018122308,00-0033627,BUF,1,1.00,14
2018122308,00-0033891,BUF,1,1.73,14
2018122308,00-0034510,BUF,1,1.00,14
2018122309,00-0027985,GB,1,1.16,-3
2018122309,00-0029159,NYJ,1,1.48,3
2018122309,00-0031381,GB,1,2.02,-3
2018122309,00-0031787,GB,1,1.00,-3
2018122309,00-0032688,NYJ,2,1.57,3
2018122309,00-0033295,NYJ,1,1.00,3
2018122309,00-0033948,GB,1,1.40,-3
2018122309,00-0034272,GB,1,3.00,-3
2018122309,00-0034279,GB,2,1.00,-3
2018122309,00-0034766,NYJ,2,1.25,3
2018122310,00-0023564,PHI,2,1.63,-2
2018122310,00-0029137,PHI,1,1.84,-2
2018122310,00-0030061,PHI,3,1.62,-2
2018122310,00-0031549,PHI,1,1.45,-2
2018122310,00-0031763,HOU,1,1.00,2
2018122310,00-0033925,HOU,1,1.00,2
2018122310,00-0034351,PHI,1,1.20,-2
2018122310,00-0034364,HOU,1,1.00,2
2018122310,00-0034631,HOU,1,1.00,2
2018122311,00-0030431,LA,1,1.46,-14
2018122311,00-0032187,ARI,1,1.43,14
2018122311,00-0033943,LA,1,2.22,-14
2018122312,00-0031428,CHI,1,1.59,-3.5
2018122312,00-0033288,SF,1,1.58,3.5
2018122312,00-0033292,SF,1,1.71,3.5
2018122312,00-0033307,SF,2,1.31,3.5
2018122312,00-0033373,CHI,1,1.00,-3.5
2018122312,00-0034353,CHI,1,1.25,-3.5
2018122313,00-0025396,NO,1,1.41,-6.5
2018122313,00-0027793,PIT,4,2.09,6.5
2018122313,00-0030470,PIT,1,1.08,6.5
2018122313,00-0032765,NO,3,2.18,-6.5
2018122313,00-0033857,PIT,2,2.15,6.5
2018122313,00-0033906,NO,2,2.21,-6.5
2018122313,00-0034317,NO,1,1.00,-6.5
2018122313,00-0034331,PIT,1,1.33,6.5
2018122314,00-0027675,SEA,1,1.27,1
2018122314,00-0028434,SEA,2,1.62,1
2018122314,00-0030506,KC,1,1.56,-1
2018122314,00-0030668,KC,1,1.50,-1
2018122314,00-0030874,KC,1,1.13,-1
2018122314,00-0032128,KC,1,1.42,-1
2018122314,00-0032211,SEA,2,1.14,1
2018122314,00-0032394,SEA,1,1.00,1
2018122314,00-0032775,KC,1,1.63,-1
2018122314,00-0033040,KC,1,1.52,-1
2018122400,00-0033375,DEN,1,1.00,-1.5
2018122400,00-0034348,DEN,2,3.50,-1.5
2018122400,00-0034370,DEN,1,1.00,-1.5
2018123000,00-0030663,BAL,1,1.28,-7
2018123000,00-0031382,CLE,1,1.70,7
2018123000,00-0032054,CLE,1,1.14,7
2018123000,00-0032977,CLE,2,1.00,7
2018123000,00-0033885,CLE,1,1.25,7
2018123000,00-0034753,BAL,1,1.17,-7
2018123000,00-0034772,CLE,3,1.67,7
2018123000,00-0034830,BAL,1,1.00,-7
2018123001,00-0027531,BUF,1,1.27,-5.5
2018123001,00-0033627,BUF,1,1.00,-5.5
2018123001,00-0033891,BUF,3,1.69,-5.5
2018123001,00-0034510,BUF,1,1.00,-5.5
2018123002,00-0028002,GB,1,1.81,-7.5
2018123002,00-0030443,DET,1,1.06,7.5
2018123002,00-0031189,DET,2,1.38,7.5
2018123002,00-0031665,DET,1,1.00,7.5
2018123003,00-0030564,HOU,2,1.80,-7
2018123004,00-0030506,KC,1,1.57,-14
2018123004,00-0032775,KC,1,1.56,-14
2018123004,00-0033040,KC,1,1.52,-14
2018123005,00-0031228,CHI,1,1.44,5.5
2018123005,00-0031545,CHI,1,1.67,5.5
2018123005,00-0031588,MIN,1,1.76,-5.5
2018123006,00-0027150,NE,1,1.89,-13.5
2018123006,00-0028237,NE,1,1.43,-13.5
2018123006,00-0030288,NE,1,1.08,-13.5
2018123006,00-0031062,NE,1,1.53,-13.5
2018123006,00-0032208,NE,1,1.36,-13.5
2018123006,00-0034653,NYJ,2,1.00,13.5
2018123007,00-0033280,CAR,1,1.67,7.5
2018123007,00-0033282,CAR,1,1.29,7.5
2018123007,00-0034365,CAR,2,1.50,7.5
2018123007,00-0034765,NO,1,1.33,-7.5
2018123007,00-0034827,CAR,1,1.50,7.5
2018123008,00-0029000,DAL,1,1.45,7.5
2018123008,00-0030821,DAL,1,1.56,7.5
2018123008,00-0031344,NYG,2,1.17,-7.5
2018123008,00-0032385,NYG,1,1.79,-7.5
2018123008,00-0033881,NYG,2,1.23,-7.5
2018123008,00-0034764,DAL,1,1.00,7.5
2018123009,00-0030470,PIT,1,1.12,-13.5
2018123009,00-0033553,PIT,1,1.50,-13.5
2018123009,00-0033857,PIT,1,2.10,-13.5
2018123009,00-0034676,PIT,1,1.00,-13.5
2018123010,00-0027944,ATL,2,1.97,-2.5
2018123010,00-0029632,ATL,1,1.33,-2.5
2018123010,00-0031273,TB,1,1.53,2.5
2018123010,00-0031408,TB,3,1.65,2.5
2018123010,00-0032392,ATL,1,1.58,-2.5
2018123010,00-0033921,TB,4,1.41,2.5
2018123010,00-0034837,ATL,1,1.60,-2.5
2018123011,00-0028042,TEN,1,1.11,5.5
2018123011,00-0028411,IND,3,1.71,-5.5
2018123011,00-0029608,IND,1,1.66,-5.5
2018123011,00-0030780,IND,1,1.00,-5.5
2018123011,00-0031387,IND,2,1.38,-5.5
2018123011,00-0033217,IND,1,1.00,-5.5
2018123012,00-0029137,PHI,1,1.82,-6
2018123012,00-0031549,PHI,2,1.44,-6
2018123012,00-0032760,WAS,1,1.50,6
2018123012,00-0034351,PHI,1,1.17,-6
2018123013,00-0032956,DEN,1,1.00,6.5
2018123013,00-0033375,DEN,1,1.00,6.5
2018123013,00-0034348,DEN,1,2.67,6.5
2018123014,00-0031236,LA,3,1.40,-10.5
2018123014,00-0033110,LA,1,1.00,-10.5
2018123014,00-0033288,SF,3,1.60,10.5
2018123014,00-0033307,SF,2,1.29,10.5
2018123014,00-0033943,LA,2,2.22,-10.5
2018123014,00-0034286,SF,2,1.00,10.5
2018123015,00-0022921,ARI,1,1.90,15
2018123015,00-0027139,ARI,1,1.00,15
2018123015,00-0032211,SEA,2,1.14,-15
