season,week,weekday,game_date,game_hour,favorite,underdog,spread,total
2015,1,Thu,2015-09-10,8,PIT,NE,-7,51
2015,1,Sun,2015-09-13,4,CIN,OAK,-3,43
2015,1,Sun,2015-09-13,4,BAL,DEN,-4.5,46.5
2015,1,Sun,2015-09-13,8,NYG,DAL,-7,52.5
2015,1,Sun,2015-09-13,4,TEN,TB,-3,40.5
2015,1,Sun,2015-09-13,1,SEA,STL,-3.5,41
2015,1,Sun,2015-09-13,4,NO,ARI,-2.5,48.5
2015,1,Sun,2015-09-13,4,DET,SD,-3.5,45.5
2015,1,Sun,2015-09-13,1,CAR,JAC,-3,41
2015,1,Sun,2015-09-13,1,MIA,WAS,-4,45.5
2015,1,Sun,2015-09-13,1,IND,BUF,-1,44.5
2015,1,Sun,2015-09-13,1,CLE,NYJ,-3.5,38.5
2015,1,Sun,2015-09-13,1,KC,HOU,-1,40.5
2015,1,Sun,2015-09-13,1,GB,CHI,-6.5,48.5
2015,1,Mon,2015-09-14,7,PHI,ATL,-3,56
2015,1,Mon,2015-09-14,10,MIN,SF,-2.5,42.5
2015,2,Thu,2015-09-17,8,DEN,KC,-3,42
2015,2,Sun,2015-09-20,1,ATL,NYG,-2,50
2015,2,Sun,2015-09-20,4,MIA,JAC,-6,42
2015,2,Sun,2015-09-20,4,DAL,PHI,-6.5,54
2015,2,Sun,2015-09-20,8,SEA,GB,-3,49.5
2015,2,Sun,2015-09-20,1,STL,WAS,,
2015,2,Sun,2015-09-20,1,SD,CIN,-3.5,48
2015,2,Sun,2015-09-20,4,BAL,OAK,-6,42
2015,2,Sun,2015-09-20,1,HOU,CAR,-3,41
2015,2,Sun,2015-09-20,1,TB,NO,-9,47
2015,2,Sun,2015-09-20,1,SF,PIT,-6,46
2015,2,Sun,2015-09-20,1,DET,MIN,-2.5,44
2015,2,Sun,2015-09-20,1,NE,BUF,-1,44.5
2015,2,Sun,2015-09-20,1,ARI,CHI,-2,46
2015,2,Sun,2015-09-20,1,TEN,CLE,-1,41
2015,2,Mon,2015-09-21,8,NYJ,IND,-6,46
2015,3,Thu,2015-09-24,8,WAS,NYG,-3,45
2015,3,Sun,2015-09-27,4,CHI,SEA,-16.5,43.5
2015,3,Sun,2015-09-27,8,DEN,DET,-3,45
2015,3,Sun,2015-09-27,4,BUF,MIA,-1,43.5
2015,3,Sun,2015-09-27,4,SF,ARI,-7,45
2015,3,Sun,2015-09-27,1,ATL,DAL,0,43.5
2015,3,Sun,2015-09-27,1,IND,TEN,-3.5,46.5
2015,3,Sun,2015-09-27,1,OAK,CLE,-3.5,44
2015,3,Sun,2015-09-27,1,PIT,STL,-1,48.5
2015,3,Sun,2015-09-27,1,SD,MIN,-2,45.5
2015,3,Sun,2015-09-27,1,TB,HOU,-6,41
2015,3,Sun,2015-09-27,1,PHI,NYJ,-3,47
2015,3,Sun,2015-09-27,1,NO,CAR,-9.5,43
2015,3,Sun,2015-09-27,1,JAC,NE,-14,49
2015,3,Sun,2015-09-27,1,CIN,BAL,-1.5,45.5
2015,3,Mon,2015-09-28,8,KC,GB,-5.5,47.5
2015,4,Thu,2015-10-01,8,BAL,PIT,-3,44
2015,4,Sun,2015-10-04,1,NYG,BUF,-6,46.5
2015,4,Sun,2015-10-04,9,NYJ,MIA,-2.5,42.5
2015,4,Sun,2015-10-04,1,JAC,IND,-4,43.5
2015,4,Sun,2015-10-04,1,PHI,WAS,-3,45.5
2015,4,Sun,2015-10-04,1,HOU,ATL,-4.5,47.5
2015,4,Sun,2015-10-04,1,KC,CIN,-3.5,45
2015,4,Sun,2015-10-04,1,OAK,CHI,-3,44.5
2015,4,Sun,2015-10-04,4,STL,ARI,,
2015,4,Sun,2015-10-04,1,CAR,TB,-3,40.5
2015,4,Sun,2015-10-04,4,CLE,SD,-5,44.5
2015,4,Sun,2015-10-04,4,GB,SF,-7.5,48
2015,4,Sun,2015-10-04,4,MIN,DEN,-7,43.5
2015,4,Sun,2015-10-04,8,DAL,NO,-3,48.5
2015,4,Mon,2015-10-05,8,DET,SEA,-10,43
2015,5,Thu,2015-10-08,8,IND,HOU,-5,41
2015,5,Sun,2015-10-11,1,BUF,TEN,-1,43
2015,5,Sun,2015-10-11,1,CLE,BAL,-6.5,43
2015,5,Sun,2015-10-11,1,WAS,ATL,-7,48.5
2015,5,Sun,2015-10-11,1,CHI,KC,-9.5,44.5
2015,5,Sun,2015-10-11,1,NO,PHI,-6.5,49.5
2015,5,Sun,2015-10-11,1,SEA,CIN,-3,44.5
2015,5,Sun,2015-10-11,4,ARI,DET,-4.5,46
2015,5,Sun,2015-10-11,1,STL,GB,,
2015,5,Sun,2015-10-11,4,NE,DAL,-8.5,50.5
2015,5,Sun,2015-10-11,8,SF,NYG,-7.5,44
2015,5,Sun,2015-10-11,4,DEN,OAK,-5.5,45
2015,5,Sun,2015-10-11,1,JAC,TB,-1,41.5
2015,5,Mon,2015-10-12,8,PIT,SD,-4,45.5
2015,6,Thu,2015-10-15,8,ATL,NO,-3,52.5
2015,6,Sun,2015-10-18,1,KC,MIN,-3.5,43
2015,6,Sun,2015-10-18,8,NE,IND,-9,54
2015,6,Sun,2015-10-18,4,BAL,SF,-2.5,43.5
2015,6,Sun,2015-10-18,4,SD,GB,-10.5,50.5
2015,6,Sun,2015-10-18,4,CAR,SEA,-7,41
2015,6,Sun,2015-10-18,1,MIA,TEN,-2.5,43.5
2015,6,Sun,2015-10-18,1,ARI,PIT,-5.5,45
2015,6,Sun,2015-10-18,1,WAS,NYJ,-7.5,40
2015,6,Sun,2015-10-18,1,CHI,DET,-3.5,45.5
2015,6,Sun,2015-10-18,1,HOU,JAC,-3,43
2015,6,Sun,2015-10-18,1,CIN,BUF,-3,42
2015,6,Sun,2015-10-18,1,DEN,CLE,-3.5,42
2015,6,Mon,2015-10-19,8,NYG,PHI,-3.5,50.5
2015,7,Thu,2015-10-22,8,SEA,SF,-6.5,42
2015,7,Sun,2015-10-25,1,TB,WAS,-3,41.5
2015,7,Sun,2015-10-25,1,ATL,TEN,-6,45.5
2015,7,Sun,2015-10-25,1,MIN,DET,-1,45
2015,7,Sun,2015-10-25,1,NYJ,NE,-7,47.5
2015,7,Sun,2015-10-25,1,HOU,MIA,-4.5,45.5
2015,7,Sun,2015-10-25,1,PIT,KC,-3.5,41.5
2015,7,Sun,2015-10-25,1,CLE,STL,-6,44
2015,7,Sun,2015-10-25,8,BUF,JAC,-3.5,41.5
2015,7,Sun,2015-10-25,4,DAL,NYG,-3,44.5
2015,7,Sun,2015-10-25,8,PHI,CAR,-2.5,46
2015,7,Sun,2015-10-25,4,OAK,SD,-3.5,48.5
2015,7,Sun,2015-10-25,1,NO,IND,-5,53
2015,7,Mon,2015-10-26,8,BAL,ARI,-10,49.5
2015,8,Thu,2015-10-29,8,MIA,NE,-8,51.5
2015,8,Sun,2015-11-01,1,NYG,NO,-3,52
2015,8,Sun,2015-11-01,8,GB,DEN,-2.5,45.5
2015,8,Sun,2015-11-01,4,SEA,DAL,-5,41.5
2015,8,Sun,2015-11-01,4,NYJ,OAK,-3,44
2015,8,Sun,2015-11-01,1,TEN,HOU,-3.5,43
2015,8,Sun,2015-11-01,1,SD,BAL,-4.5,50.5
2015,8,Sun,2015-11-01,1,CIN,PIT,0,49.5
2015,8,Sun,2015-11-01,1,ARI,CLE,-7,46
2015,8,Sun,2015-11-01,1,SF,STL,-8,41
2015,8,Sun,2015-11-01,1,TB,ATL,-8,47.5
2015,8,Sun,2015-11-01,1,MIN,CHI,-1.5,44
2015,8,Sun,2015-11-01,9,KC,DET,-3,45
2015,8,Mon,2015-11-02,8,IND,CAR,-5.5,45.5
2015,9,Thu,2015-11-05,8,CLE,CIN,-13,46
2015,9,Sun,2015-11-08,4,DEN,IND,-3.5,45.5
2015,9,Sun,2015-11-08,4,NYG,TB,-2,49
2015,9,Sun,2015-11-08,4,ATL,SF,-8.5,43.5
2015,9,Sun,2015-11-08,1,GB,CAR,-2.5,46
2015,9,Sun,2015-11-08,1,STL,MIN,,
2015,9,Sun,2015-11-08,1,TEN,NO,-6.5,50
2015,9,Sun,2015-11-08,1,MIA,BUF,-4,44
2015,9,Sun,2015-11-08,1,JAC,NYJ,-8,42.5
2015,9,Sun,2015-11-08,1,OAK,PIT,-6,48
2015,9,Sun,2015-11-08,1,WAS,NE,-13.5,51.5
2015,9,Sun,2015-11-08,8,PHI,DAL,-3,44
2015,9,Mon,2015-11-09,8,CHI,SD,-3.5,49.5
2015,10,Thu,2015-11-12,8,BUF,NYJ,-2.5,42
2015,10,Sun,2015-11-15,8,ARI,SEA,-3,43.5
2015,10,Sun,2015-11-15,4,NE,NYG,-7,52.5
2015,10,Sun,2015-11-15,4,KC,DEN,-3.5,42
2015,10,Sun,2015-11-15,4,MIN,OAK,-3,44
2015,10,Sun,2015-11-15,1,JAC,BAL,-5,47
2015,10,Sun,2015-11-15,1,CLE,PIT,-7,43
2015,10,Sun,2015-11-15,1,DAL,TB,-1,43.5
2015,10,Sun,2015-11-15,1,DET,GB,-10.5,50
2015,10,Sun,2015-11-15,1,MIA,PHI,-6,49.5
2015,10,Sun,2015-11-15,1,NO,WAS,-1,52
2015,10,Sun,2015-11-15,1,CHI,STL,-7,42.5
2015,10,Sun,2015-11-15,1,CAR,TEN,-3.5,43
2015,10,Mon,2015-11-16,8,HOU,CIN,-10,46.5
2015,11,Thu,2015-11-19,8,TEN,JAC,-3,41.5
2015,11,Sun,2015-11-22,1,WAS,CAR,-7,44.5
2015,11,Sun,2015-11-22,4,KC,SD,-3,45.5
2015,11,Sun,2015-11-22,4,SF,SEA,-14,40
2015,11,Sun,2015-11-22,8,CIN,ARI,-4,48
2015,11,Sun,2015-11-22,1,DEN,CHI,-2,41.5
2015,11,Sun,2015-11-22,1,TB,PHI,-6.5,45.5
2015,11,Sun,2015-11-22,4,GB,MIN,0,45
2015,11,Sun,2015-11-22,1,NYJ,HOU,-4,40
2015,11,Sun,2015-11-22,1,IND,ATL,-3.5,47.5
2015,11,Sun,2015-11-22,1,DAL,MIA,-2,45
2015,11,Sun,2015-11-22,1,OAK,DET,-1.5,50
2015,11,Sun,2015-11-22,1,STL,BAL,,
2015,11,Mon,2015-11-23,8,BUF,NE,-7,47.5
2015,12,Thu,2015-11-26,4,CAR,DAL,-1,44.5
2015,12,Thu,2015-11-26,8,CHI,GB,-8,45
2015,12,Thu,2015-11-26,12,PHI,DET,-3,47
2015,12,Sun,2015-11-29,1,SD,JAC,-5,47
2015,12,Sun,2015-11-29,1,MIA,NYJ,-4.5,43.5
2015,12,Sun,2015-11-29,1,BUF,KC,-4.5,41
2015,12,Sun,2015-11-29,4,PIT,SEA,-3,46.5
2015,12,Sun,2015-11-29,1,NYG,WAS,-1.5,48
2015,12,Sun,2015-11-29,1,TB,IND,-3,46.5
2015,12,Sun,2015-11-29,1,MIN,ATL,-2,45
2015,12,Sun,2015-11-29,1,NO,HOU,-3.5,51
2015,12,Sun,2015-11-29,1,OAK,TEN,-1,45
2015,12,Sun,2015-11-29,1,STL,CIN,,
2015,12,Sun,2015-11-29,8,NE,DEN,-2.5,43
2015,12,Sun,2015-11-29,4,ARI,SF,-8.5,45
2015,12,Mon,2015-11-30,8,BAL,CLE,-6,41
2015,13,Thu,2015-12-03,8,GB,DET,-2.5,46.5
2015,13,Sun,2015-12-06,1,JAC,TEN,-3,43.5
2015,13,Sun,2015-12-06,1,NYJ,NYG,-2.5,46
2015,13,Sun,2015-12-06,4,DEN,SD,-6,45
2015,13,Sun,2015-12-06,4,KC,OAK,-3,45.5
2015,13,Sun,2015-12-06,4,PHI,NE,-9.5,49
2015,13,Sun,2015-12-06,8,IND,PIT,-9.5,50.5
2015,13,Sun,2015-12-06,1,SF,CHI,-6.5,43
2015,13,Sun,2015-12-06,1,CIN,CLE,-7.5,44
2015,13,Sun,2015-12-06,1,ATL,TB,0,46.5
2015,13,Sun,2015-12-06,1,HOU,BUF,-3,42
2015,13,Sun,2015-12-06,1,BAL,MIA,-3.5,43
2015,13,Sun,2015-12-06,4,CAR,NO,-6,50.5
2015,13,Sun,2015-12-06,1,SEA,MIN,-2.5,43
2015,13,Sun,2015-12-06,1,ARI,STL,-3.5,43
2015,13,Mon,2015-12-07,8,DAL,WAS,-2,43.5
2015,14,Thu,2015-12-10,8,MIN,ARI,-10,46.5
2015,14,Sun,2015-12-13,4,DAL,GB,-6.5,42.5
2015,14,Sun,2015-12-13,1,SEA,BAL,-10.5,42
2015,14,Sun,2015-12-13,4,OAK,DEN,-6,43
2015,14,Sun,2015-12-13,8,NE,HOU,-5,46.5
2015,14,Sun,2015-12-13,1,TEN,NYJ,-8,43
2015,14,Sun,2015-12-13,1,IND,JAC,-1,46
2015,14,Sun,2015-12-13,1,NO,TB,-6,51.5
2015,14,Sun,2015-12-13,1,SD,KC,-12,41.5
2015,14,Sun,2015-12-13,1,DET,STL,-3,41.5
2015,14,Sun,2015-12-13,1,WAS,CHI,-4,43.5
2015,14,Sun,2015-12-13,1,SF,CLE,-2.5,43
2015,14,Sun,2015-12-13,1,ATL,CAR,-8.5,45.5
2015,14,Sun,2015-12-13,1,BUF,PHI,-1,48.5
2015,14,Sun,2015-12-13,1,PIT,CIN,-1,48.5
2015,14,Mon,2015-12-14,8,NYG,MIA,-2,48
2015,15,Thu,2015-12-17,8,TB,STL,-1,41
2015,15,Sat,2015-12-19,8,NYJ,DAL,-3.5,41
2015,15,Sun,2015-12-20,1,HOU,IND,-2,41.5
2015,15,Sun,2015-12-20,1,KC,BAL,-6.5,41
2015,15,Sun,2015-12-20,1,BUF,WAS,-2,46
2015,15,Sun,2015-12-20,1,TEN,NE,-14.5,48
2015,15,Sun,2015-12-20,8,ARI,PHI,-4,51.5
2015,15,Sun,2015-12-20,1,CAR,NYG,-5,46.5
2015,15,Sun,2015-12-20,4,CLE,SEA,-14.5,45.5
2015,15,Sun,2015-12-20,4,GB,OAK,-4,47
2015,15,Sun,2015-12-20,4,MIA,SD,-1,47
2015,15,Sun,2015-12-20,4,DEN,PIT,-7.5,45.5
2015,15,Sun,2015-12-20,4,CIN,SF,-6.5,41
2015,15,Sun,2015-12-20,1,CHI,MIN,-4,44
2015,15,Sun,2015-12-20,1,ATL,JAC,-2,48
2015,15,Mon,2015-12-21,8,DET,NO,-2.5,52
2015,16,Thu,2015-12-24,8,SD,OAK,-4,45.5
2015,16,Sat,2015-12-26,8,WAS,PHI,-3.5,48.5
2015,16,Sun,2015-12-27,1,CAR,ATL,-7,46
2015,16,Sun,2015-12-27,1,DAL,BUF,-6.5,42.5
2015,16,Sun,2015-12-27,4,JAC,NO,-2.5,53.5
2015,16,Sun,2015-12-27,1,SF,DET,-9,42.5
2015,16,Sun,2015-12-27,1,CLE,KC,-11.5,42.5
2015,16,Sun,2015-12-27,1,IND,MIA,-2.5,44
2015,16,Sun,2015-12-27,1,NE,NYJ,-2.5,45.5
2015,16,Sun,2015-12-27,1,HOU,TEN,-3.5,39
2015,16,Sun,2015-12-27,4,GB,ARI,-6,50.5
2015,16,Sun,2015-12-27,1,PIT,BAL,-11.5,47.5
2015,16,Sun,2015-12-27,4,STL,SEA,,
2015,16,Sun,2015-12-27,8,NYG,MIN,-7,44.5
2015,16,Sun,2015-12-27,1,CHI,TB,-3,44
2015,16,Mon,2015-12-28,8,CIN,DEN,-4,39
2015,17,Sun,2016-01-03,1,BAL,CIN,-9.5,41
2015,17,Sun,2016-01-03,4,STL,SF,,
2015,17,Sun,2016-01-03,4,SEA,ARI,-6,47
2015,17,Sun,2016-01-03,4,SD,DEN,-10,42
2015,17,Sun,2016-01-03,8,MIN,GB,-3,44
2015,17,Sun,2016-01-03,1,PHI,NYG,-3.5,51
2015,17,Sun,2016-01-03,1,DET,CHI,-2.5,45
2015,17,Sun,2016-01-03,1,WAS,DAL,-3,41
2015,17,Sun,2016-01-03,1,TEN,IND,-4,39
2015,17,Sun,2016-01-03,4,OAK,KC,-6.5,43.5
2015,17,Sun,2016-01-03,1,PIT,CLE,-13,47
2015,17,Sun,2016-01-03,1,JAC,HOU,-6,45
2015,17,Sun,2016-01-03,1,NO,ATL,-6,53.5
2015,17,Sun,2016-01-03,1,NE,MIA,-10,46.5
2015,17,Sun,2016-01-03,4,TB,CAR,-10,45
2015,17,Sun,2016-01-03,1,NYJ,BUF,-3,41
2015,18,Sat,2016-01-09,8,PIT,CIN,,
2015,18,Sat,2016-01-09,4,KC,HOU,,
2015,18,Sun,2016-01-10,4,GB,WAS,,
2015,18,Sun,2016-01-10,1,SEA,MIN,,
2015,19,Sat,2016-01-16,4,KC,NE,-6,44
2015,19,Sat,2016-01-16,8,GB,ARI,-7,49.5
2015,19,Sun,2016-01-17,4,PIT,DEN,-7,41.5
2015,19,Sun,2016-01-17,1,SEA,CAR,-2.5,42
2015,20,Sun,2016-01-24,6,ARI,CAR,-3,47.5
2015,20,Sun,2016-01-24,3,NE,DEN,-3,45
2015,21,Sun,2016-02-07,6,CAR,DEN,-5,43.5
2016,1,Thu,2016-09-08,8,CAR,DEN,-3,40.5
2016,1,Sun,2016-09-11,4,DET,IND,-2.5,51.5
2016,1,Sun,2016-09-11,1,TB,ATL,-2.5,47
2016,1,Sun,2016-09-11,1,MIN,TEN,-2.5,40
2016,1,Sun,2016-09-11,1,CLE,PHI,-3.5,41
2016,1,Sun,2016-09-11,1,CIN,NYJ,-1,42
2016,1,Sun,2016-09-11,1,OAK,NO,-3,50.5
2016,1,Sun,2016-09-11,1,SD,KC,-6.5,46
2016,1,Sun,2016-09-11,1,BUF,BAL,-3,44.5
2016,1,Sun,2016-09-11,1,CHI,HOU,-5.5,42.5
2016,1,Sun,2016-09-11,1,GB,JAC,-3.5,47.5
2016,1,Sun,2016-09-11,4,MIA,SEA,-10.5,44
2016,1,Sun,2016-09-11,4,NYG,DAL,-1,47.5
2016,1,Sun,2016-09-11,8,NE,ARI,-8.5,44
2016,1,Mon,2016-09-12,7,PIT,WAS,-2.5,49
2016,1,Mon,2016-09-12,10,LA,SF,-2.5,43.5
2016,2,Thu,2016-09-15,8,NYJ,BUF,0,40.5
2016,2,Sun,2016-09-18,4,ATL,OAK,-4,48
2016,2,Sun,2016-09-18,4,IND,DEN,-6,47
2016,2,Sun,2016-09-18,8,GB,MIN,-2,43
2016,2,Sun,2016-09-18,1,MIA,NE,-5.5,42
2016,2,Sun,2016-09-18,1,KC,HOU,-1,42
2016,2,Sun,2016-09-18,1,TEN,DET,-6,48
2016,2,Sun,2016-09-18,1,CIN,PIT,-3,48
2016,2,Sun,2016-09-18,1,BAL,CLE,-4.5,42
2016,2,Sun,2016-09-18,4,SEA,LA,-5.5,38
2016,2,Sun,2016-09-18,4,JAC,SD,-3,47.5
2016,2,Sun,2016-09-18,1,TB,ARI,-7,49.5
2016,2,Sun,2016-09-18,1,SF,CAR,-12.5,44.5
2016,2,Sun,2016-09-18,1,NO,NYG,-4,54.5
2016,2,Sun,2016-09-18,1,DAL,WAS,-3,47
2016,2,Mon,2016-09-19,8,PHI,CHI,-3,43
2016,3,Thu,2016-09-22,8,HOU,NE,-1,38.5
2016,3,Sun,2016-09-25,4,SF,SEA,-10.5,41.5
2016,3,Sun,2016-09-25,1,DEN,CIN,-3.5,41.5
2016,3,Sun,2016-09-25,1,OAK,TEN,-1.5,47
2016,3,Sun,2016-09-25,1,ARI,BUF,-5,48
2016,3,Sun,2016-09-25,1,BAL,JAC,-2,45
2016,3,Sun,2016-09-25,1,CLE,MIA,-10,42.5
2016,3,Sun,2016-09-25,1,WAS,NYG,-3.5,47
2016,3,Sun,2016-09-25,1,DET,GB,-6.5,47.5
2016,3,Sun,2016-09-25,1,MIN,CAR,-6.5,42.5
2016,3,Sun,2016-09-25,4,LA,TB,-3.5,40.5
2016,3,Sun,2016-09-25,4,PIT,PHI,-4,46.5
2016,3,Sun,2016-09-25,4,NYJ,KC,-3,44.5
2016,3,Sun,2016-09-25,4,SD,IND,-1.5,51.5
2016,3,Sun,2016-09-25,8,CHI,DAL,-6.5,45
2016,3,Mon,2016-09-26,8,ATL,NO,-3,54.5
2016,4,Thu,2016-09-29,8,MIA,CIN,-7.5,46.5
2016,4,Sun,2016-10-02,4,NO,SD,-4,54
2016,4,Sun,2016-10-02,8,KC,PIT,-3.5,48.5
2016,4,Sun,2016-10-02,4,DAL,SF,-1.5,44
2016,4,Sun,2016-10-02,4,LA,ARI,-9.5,43.5
2016,4,Sun,2016-10-02,9,IND,JAC,-1,48.5
2016,4,Sun,2016-10-02,1,CLE,WAS,-7.5,48
2016,4,Sun,2016-10-02,1,BUF,NE,-3.5,41
2016,4,Sun,2016-10-02,1,SEA,NYJ,-1,40
2016,4,Sun,2016-10-02,1,CAR,ATL,-3,48.5
2016,4,Sun,2016-10-02,1,DET,CHI,-3.5,48
2016,4,Sun,2016-10-02,1,TEN,HOU,-4,40.5
2016,4,Sun,2016-10-02,1,OAK,BAL,-3.5,45
2016,4,Sun,2016-10-02,4,DEN,TB,-3.5,43
2016,4,Mon,2016-10-03,8,NYG,MIN,-4,42.5
2016,5,Thu,2016-10-06,8,ARI,SF,-3.5,42.5
2016,5,Sun,2016-10-09,1,NE,CLE,-10,48
2016,5,Sun,2016-10-09,1,HOU,MIN,-6,38.5
2016,5,Sun,2016-10-09,1,TEN,MIA,-2.5,44
2016,5,Sun,2016-10-09,1,NYJ,PIT,-9.5,50
2016,5,Sun,2016-10-09,1,WAS,BAL,-4,44.5
2016,5,Sun,2016-10-09,1,PHI,DET,-3.5,46
2016,5,Sun,2016-10-09,1,CHI,IND,-4,47.5
2016,5,Sun,2016-10-09,4,ATL,DEN,-4,44.5
2016,5,Sun,2016-10-09,4,BUF,LA,-2.5,41.5
2016,5,Sun,2016-10-09,4,SD,OAK,-3.5,51
2016,5,Sun,2016-10-09,4,CIN,DAL,-2.5,45.5
2016,5,Sun,2016-10-09,8,NYG,GB,-7,50
2016,5,Mon,2016-10-10,8,TB,CAR,-6,47
2016,6,Thu,2016-10-13,8,DEN,SD,-3,44.5
2016,6,Sun,2016-10-16,4,ATL,SEA,-7,45.5
2016,6,Sun,2016-10-16,8,IND,HOU,-3,48
2016,6,Sun,2016-10-16,4,KC,OAK,-2,47
2016,6,Sun,2016-10-16,4,DAL,GB,-5,47
2016,6,Sun,2016-10-16,1,CIN,NE,-7.5,48.5
2016,6,Sun,2016-10-16,1,BAL,NYG,-3.5,42.5
2016,6,Sun,2016-10-16,1,CAR,NO,-3,54
2016,6,Sun,2016-10-16,1,PIT,MIA,-7.5,49.5
2016,6,Sun,2016-10-16,1,JAC,CHI,-2.5,46
2016,6,Sun,2016-10-16,1,SF,BUF,-7.5,44
2016,6,Sun,2016-10-16,1,LA,DET,-3,44.5
2016,6,Sun,2016-10-16,1,CLE,TEN,-7.5,45
2016,6,Sun,2016-10-16,1,PHI,WAS,-3,45
2016,6,Mon,2016-10-17,8,NYJ,ARI,-7,46
2016,7,Thu,2016-10-20,8,CHI,GB,-7.5,46.5
2016,7,Sun,2016-10-23,1,WAS,DET,-1,50
2016,7,Sun,2016-10-23,1,BUF,MIA,-2.5,46
2016,7,Sun,2016-10-23,4,NE,PIT,-7.5,49.5
2016,7,Sun,2016-10-23,1,OAK,JAC,-2,47.5
2016,7,Sun,2016-10-23,8,SEA,ARI,-2.5,43
2016,7,Sun,2016-10-23,4,TB,SF,-1,45.5
2016,7,Sun,2016-10-23,4,SD,ATL,-5,53
2016,7,Sun,2016-10-23,1,BAL,NYJ,-2,40.5
2016,7,Sun,2016-10-23,1,NO,KC,-6.5,51.5
2016,7,Sun,2016-10-23,1,CLE,CIN,-11.5,46.5
2016,7,Sun,2016-10-23,1,IND,TEN,-4,48.5
2016,7,Sun,2016-10-23,9,NYG,LA,-3,45.5
2016,7,Sun,2016-10-23,1,MIN,PHI,-3,39
2016,7,Mon,2016-10-24,8,HOU,DEN,-8.5,40
2016,8,Thu,2016-10-27,8,JAC,TEN,-3,43.5
2016,8,Sun,2016-10-30,4,SD,DEN,-3.5,43.5
2016,8,Sun,2016-10-30,8,CIN,WAS,-3,49.5
2016,8,Sun,2016-10-30,4,GB,ATL,-3,51
2016,8,Sun,2016-10-30,1,DET,HOU,-1,46.5
2016,8,Sun,2016-10-30,1,SEA,NO,-1,50
2016,8,Sun,2016-10-30,1,NE,BUF,-6.5,48.5
2016,8,Sun,2016-10-30,1,NYJ,CLE,-2.5,45.5
2016,8,Sun,2016-10-30,1,OAK,TB,0,48
2016,8,Sun,2016-10-30,1,KC,IND,-3,50.5
2016,8,Sun,2016-10-30,12,ARI,CAR,-2.5,45.5
2016,8,Sun,2016-10-30,8,PHI,DAL,-5,44
2016,8,Mon,2016-10-31,8,MIN,CHI,,
2016,9,Thu,2016-11-03,8,ATL,TB,-4.5,49.5
2016,9,Sun,2016-11-06,4,NO,SF,-5,53
2016,9,Sun,2016-11-06,1,PIT,BAL,-3,46
2016,9,Sun,2016-11-06,1,NYJ,MIA,-4,45
2016,9,Sun,2016-11-06,1,DAL,CLE,-7.5,49.5
2016,9,Sun,2016-11-06,1,PHI,NYG,-3,43
2016,9,Sun,2016-11-06,1,DET,MIN,-5.5,42.5
2016,9,Sun,2016-11-06,1,JAC,KC,-7,43
2016,9,Sun,2016-11-06,4,TEN,SD,-4,47.5
2016,9,Sun,2016-11-06,4,CAR,LA,-3,44.5
2016,9,Sun,2016-11-06,4,IND,GB,-7.5,52
2016,9,Sun,2016-11-06,8,DEN,OAK,-1,44.5
2016,9,Mon,2016-11-07,8,BUF,SEA,-6,43.5
2016,10,Thu,2016-11-10,8,CLE,BAL,-7.5,44
2016,10,Sun,2016-11-13,4,DAL,PIT,-3,51
2016,10,Sun,2016-11-13,4,SF,ARI,-14,47
2016,10,Sun,2016-11-13,8,SEA,NE,-7.5,49.5
2016,10,Sun,2016-11-13,1,HOU,JAC,-3,42
2016,10,Sun,2016-11-13,1,KC,CAR,-3,44
2016,10,Sun,2016-11-13,1,DEN,NO,-3,50
2016,10,Sun,2016-11-13,1,LA,NYJ,-1,38.5
2016,10,Sun,2016-11-13,1,ATL,PHI,-1.5,49
2016,10,Sun,2016-11-13,1,MIN,WAS,-2.5,41.5
2016,10,Sun,2016-11-13,1,GB,TEN,-3,49
2016,10,Sun,2016-11-13,1,CHI,TB,-2.5,45
2016,10,Sun,2016-11-13,4,MIA,SD,-4.5,49
2016,10,Mon,2016-11-14,8,CIN,NYG,0,49.5
2016,11,Thu,2016-11-17,8,NO,CAR,-3.5,53.5
2016,11,Sun,2016-11-20,1,BUF,CIN,-2.5,48
2016,11,Sun,2016-11-20,1,TEN,IND,-3,54
2016,11,Sun,2016-11-20,1,JAC,DET,-5.5,47
2016,11,Sun,2016-11-20,1,TB,KC,-7,45
2016,11,Sun,2016-11-20,1,CHI,NYG,-7,41.5
2016,11,Sun,2016-11-20,1,ARI,MIN,-2,40
2016,11,Sun,2016-11-20,1,BAL,DAL,-7,44.5
2016,11,Sun,2016-11-20,1,PIT,CLE,-8.5,45.5
2016,11,Sun,2016-11-20,4,MIA,LA,-1,38.5
2016,11,Sun,2016-11-20,4,NE,SF,-11.5,51.5
2016,11,Sun,2016-11-20,4,PHI,SEA,-6.5,43
2016,11,Sun,2016-11-20,8,GB,WAS,-3,48.5
2016,11,Mon,2016-11-21,8,OAK,HOU,-6.5,46
2016,12,Thu,2016-11-24,12,MIN,DET,-1.5,42
2016,12,Thu,2016-11-24,8,PIT,IND,-8.5,49.5
2016,12,Thu,2016-11-24,4,WAS,DAL,-6,53.5
2016,12,Sun,2016-11-27,8,KC,DEN,-3.5,40
2016,12,Sun,2016-11-27,4,CAR,OAK,-3.5,48.5
2016,12,Sun,2016-11-27,4,NE,NYJ,-9.5,48.5
2016,12,Sun,2016-11-27,1,SD,HOU,-2.5,46
2016,12,Sun,2016-11-27,1,TEN,CHI,-6.5,42
2016,12,Sun,2016-11-27,1,JAC,BUF,-8.5,44
2016,12,Sun,2016-11-27,1,CIN,BAL,-3.5,42
2016,12,Sun,2016-11-27,1,ARI,ATL,-4,49
2016,12,Sun,2016-11-27,1,SF,MIA,-7,45
2016,12,Sun,2016-11-27,1,LA,NO,-8,45
2016,12,Sun,2016-11-27,1,NYG,CLE,-6.5,46.5
2016,12,Sun,2016-11-27,4,SEA,TB,-5.5,46
2016,12,Mon,2016-11-28,8,GB,PHI,-4,47.5
2016,13,Thu,2016-12-01,7,DAL,MIN,-3,43.5
2016,13,Sun,2016-12-04,4,BUF,OAK,-3,48.5
2016,13,Sun,2016-12-04,4,WAS,ARI,-2.5,48.5
2016,13,Sun,2016-12-04,4,NYG,PIT,-6.5,49.5
2016,13,Sun,2016-12-04,1,DEN,JAC,-3.5,38.5
2016,13,Sun,2016-12-04,1,MIA,BAL,-3.5,41.5
2016,13,Sun,2016-12-04,4,TB,SD,-3.5,49
2016,13,Sun,2016-12-04,1,KC,ATL,-5,50
2016,13,Sun,2016-12-04,1,HOU,GB,-7,44.5
2016,13,Sun,2016-12-04,1,PHI,CIN,-1.5,42
2016,13,Sun,2016-12-04,1,DET,NO,-6.5,53.5
2016,13,Sun,2016-12-04,1,SF,CHI,-1,44
2016,13,Sun,2016-12-04,8,CAR,SEA,-8.5,44
2016,13,Sun,2016-12-04,1,LA,NE,-13.5,45
2016,13,Mon,2016-12-05,8,IND,NYJ,-1,48.5
2016,14,Thu,2016-12-08,8,OAK,KC,-3.5,46
2016,14,Sun,2016-12-11,1,CIN,CLE,-5,41.5
2016,14,Sun,2016-12-11,4,NYJ,SF,-3,43
2016,14,Sun,2016-12-11,4,SEA,GB,-3,47
2016,14,Sun,2016-12-11,4,ATL,LA,-5,44
2016,14,Sun,2016-12-11,8,DAL,NYG,-3.5,47
2016,14,Sun,2016-12-11,1,DEN,TEN,-2,44
2016,14,Sun,2016-12-11,1,SD,CAR,-1,48.5
2016,14,Sun,2016-12-11,1,HOU,IND,-6.5,47.5
2016,14,Sun,2016-12-11,1,PIT,BUF,-2,45.5
2016,14,Sun,2016-12-11,1,ARI,MIA,-2,44
2016,14,Sun,2016-12-11,1,CHI,DET,-7.5,42
2016,14,Sun,2016-12-11,1,MIN,JAC,-3.5,38
2016,14,Sun,2016-12-11,4,NO,TB,-2,52
2016,14,Sun,2016-12-11,1,WAS,PHI,-2.5,48.5
2016,14,Mon,2016-12-12,8,BAL,NE,-6,45.5
2016,14,Mon,2016-12-12,8,BAL,NE,-6,45.5
2016,15,Thu,2016-12-15,8,LA,SEA,-15.5,39.5
2016,15,Sat,2016-12-17,8,MIA,NYJ,-2.5,39.5
2016,15,Sun,2016-12-18,1,GB,CHI,-4.5,40.5
2016,15,Sun,2016-12-18,8,TB,DAL,-7,47.5
2016,15,Sun,2016-12-18,1,DET,NYG,-4,42
2016,15,Sun,2016-12-18,1,PHI,BAL,-5,41
2016,15,Sun,2016-12-18,1,IND,MIN,-5,45
2016,15,Sun,2016-12-18,1,CLE,BUF,-10.5,43
2016,15,Sun,2016-12-18,1,TEN,KC,-6,43
2016,15,Sun,2016-12-18,1,JAC,HOU,-3.5,39.5
2016,15,Sun,2016-12-18,4,NO,ARI,-3,48
2016,15,Sun,2016-12-18,4,SF,ATL,-13.5,51.5
2016,15,Sun,2016-12-18,4,NE,DEN,-3,43.5
2016,15,Sun,2016-12-18,4,OAK,SD,-2.5,50
2016,15,Sun,2016-12-18,1,PIT,CIN,-3,46
2016,15,Mon,2016-12-19,8,CAR,WAS,-7,51
2016,16,Thu,2016-12-22,8,NYG,PHI,-1,42.5
2016,16,Sat,2016-12-24,8,CIN,HOU,-3,41.5
2016,16,Sat,2016-12-24,4,IND,OAK,-3.5,52.5
2016,16,Sat,2016-12-24,4,SF,LA,-6,39.5
2016,16,Sat,2016-12-24,4,ARI,SEA,-9,43.5
2016,16,Sat,2016-12-24,1,WAS,CHI,-3,49
2016,16,Sat,2016-12-24,1,MIA,BUF,-4.5,44
2016,16,Sat,2016-12-24,4,TB,NO,-3,53
2016,16,Sat,2016-12-24,1,ATL,CAR,-3,49
2016,16,Sat,2016-12-24,1,MIN,GB,-6.5,44.5
2016,16,Sat,2016-12-24,1,NYJ,NE,-17,45
2016,16,Sat,2016-12-24,1,TEN,JAC,-4.5,44
2016,16,Sat,2016-12-24,1,SD,CLE,-4.5,45.5
2016,16,Sun,2016-12-25,8,DEN,KC,-3,38
2016,16,Sun,2016-12-25,4,BAL,PIT,-5.5,46.5
2016,16,Mon,2016-12-26,8,DET,DAL,-6.5,46
2016,17,Sun,2017-01-01,1,CAR,TB,-3.5,44.5
2016,17,Sun,2017-01-01,4,OAK,DEN,-1,40
2016,17,Sun,2017-01-01,4,SEA,SF,-11.5,44.5
2016,17,Sun,2017-01-01,4,KC,SD,-6,44.5
2016,17,Sun,2017-01-01,4,ARI,LA,-7,39
2016,17,Sun,2017-01-01,1,NE,MIA,-8,47
2016,17,Sun,2017-01-01,4,NO,ATL,-7.5,58.5
2016,17,Sun,2017-01-01,1,CLE,PIT,-3.5,41.5
2016,17,Sun,2017-01-01,1,CHI,MIN,-6.5,44
2016,17,Sun,2017-01-01,1,DAL,PHI,-6.5,44
2016,17,Sun,2017-01-01,1,JAC,IND,-5.5,48.5
2016,17,Sun,2017-01-01,8,GB,DET,-3.5,50.5
2016,17,Sun,2017-01-01,4,NYG,WAS,-9,47
2016,17,Sun,2017-01-01,1,BAL,CIN,-2.5,40.5
2016,17,Sun,2017-01-01,1,BUF,NYJ,-4,43
2016,17,Sun,2017-01-01,1,HOU,TEN,-3,41
2016,18,Sat,2017-01-07,4,OAK,HOU,-4,37.5
2016,18,Sat,2017-01-07,8,DET,SEA,-8.5,45.5
2016,18,Sun,2017-01-08,4,NYG,GB,-5,46.5
2016,18,Sun,2017-01-08,1,MIA,PIT,-11.5,47.5
2016,19,Sat,2017-01-14,8,HOU,NE,-16.5,44.5
2016,19,Sat,2017-01-14,4,SEA,ATL,-6.5,51.5
2016,19,Sun,2017-01-15,4,GB,DAL,-5,53.5
2016,19,Sun,2017-01-15,8,PIT,KC,-2,45.5
2016,20,Sun,2017-01-22,3,GB,ATL,-6,60.5
2016,20,Sun,2017-01-22,6,PIT,NE,-6,50
2016,21,Sun,2017-02-05,6,NE,ATL,-3,57
2017,1,Thu,2017-09-07,8,NE,KC,-9,48
2017,1,Sun,2017-09-10,1,ARI,DET,-2,48.5
2017,1,Sun,2017-09-10,1,PHI,WAS,-1.5,49.5
2017,1,Sun,2017-09-10,4,GB,SEA,-2.5,49.5
2017,1,Sun,2017-09-10,1,TEN,OAK,-2.5,50.5
2017,1,Sun,2017-09-10,1,PIT,CLE,-10,47
2017,1,Sun,2017-09-10,1,CIN,BAL,-2.5,41.5
2017,1,Sun,2017-09-10,1,ATL,CHI,-6.5,48
2017,1,Sun,2017-09-10,4,LA,IND,-3,41.5
2017,1,Sun,2017-09-10,1,HOU,JAC,-6,37.5
2017,1,Sun,2017-09-10,4,CAR,SF,-4.5,45
2017,1,Sun,2017-09-10,8,DAL,NYG,-5.5,46
2017,1,Sun,2017-09-10,1,BUF,NYJ,-7.5,42.5
2017,1,Mon,2017-09-11,7,MIN,NO,-3,47.5
2017,1,Mon,2017-09-11,10,DEN,LAC,-3,42
2017,2,Thu,2017-09-14,8,CIN,HOU,-5.5,38.5
2017,2,Sun,2017-09-17,8,ATL,GB,-3,54.5
2017,2,Sun,2017-09-17,4,SEA,SF,-13.5,41.5
2017,2,Sun,2017-09-17,4,LA,WAS,-3,46.5
2017,2,Sun,2017-09-17,4,LAC,MIA,-3.5,46.5
2017,2,Sun,2017-09-17,4,OAK,NYJ,-14,43.5
2017,2,Sun,2017-09-17,1,TB,CHI,-7,44
2017,2,Sun,2017-09-17,1,PIT,MIN,-8.5,43
2017,2,Sun,2017-09-17,1,NE,NO,-5.5,55
2017,2,Sun,2017-09-17,1,KC,PHI,-4,46.5
2017,2,Sun,2017-09-17,1,TEN,JAC,-1.5,41.5
2017,2,Sun,2017-09-17,1,ARI,IND,-6.5,43.5
2017,2,Sun,2017-09-17,1,CAR,BUF,-6.5,43.5
2017,2,Sun,2017-09-17,1,BAL,CLE,-7.5,39.5
2017,2,Sun,2017-09-17,4,DAL,DEN,-2.5,44
2017,2,Mon,2017-09-18,8,NYG,DET,-3,42.5
2017,3,Thu,2017-09-21,8,LA,SF,-3,40.5
2017,3,Sun,2017-09-24,8,OAK,WAS,-3,53.5
2017,3,Sun,2017-09-24,4,KC,LAC,-3,47.5
2017,3,Sun,2017-09-24,1,PHI,NYG,-5,42
2017,3,Sun,2017-09-24,4,GB,CIN,-7,47.5
2017,3,Sun,2017-09-24,1,MIA,NYJ,-5.5,43
2017,3,Sun,2017-09-24,4,TEN,SEA,-2.5,41.5
2017,3,Sun,2017-09-24,9,BAL,JAC,-3,38
2017,3,Sun,2017-09-24,1,CLE,IND,-1,42
2017,3,Sun,2017-09-24,1,DEN,BUF,-3.5,40
2017,3,Sun,2017-09-24,1,CAR,NO,-5,46.5
2017,3,Sun,2017-09-24,1,PIT,CHI,-7,43.5
2017,3,Sun,2017-09-24,1,ATL,DET,-3,50.5
2017,3,Sun,2017-09-24,1,TB,MIN,-1,41
2017,3,Sun,2017-09-24,1,NE,HOU,-13.5,44.5
2017,3,Mon,2017-09-25,8,DAL,ARI,-3,46.5
2017,4,Thu,2017-09-28,8,GB,CHI,-7,44
2017,4,Sun,2017-10-01,4,TB,NYG,-2.5,45.5
2017,4,Sun,2017-10-01,9,NO,MIA,-4,52
2017,4,Sun,2017-10-01,1,MIN,DET,-2.5,43.5
2017,4,Sun,2017-10-01,1,NE,CAR,-9,48
2017,4,Sun,2017-10-01,1,JAC,NYJ,-4,38.5
2017,4,Sun,2017-10-01,1,TEN,HOU,-2.5,43.5
2017,4,Sun,2017-10-01,1,ATL,BUF,-8,48
2017,4,Sun,2017-10-01,1,PIT,BAL,-3.5,42
2017,4,Sun,2017-10-01,1,CIN,CLE,-3.5,41.5
2017,4,Sun,2017-10-01,1,DAL,LA,-5.5,50.5
2017,4,Sun,2017-10-01,4,ARI,SF,-6.5,43.5
2017,4,Sun,2017-10-01,4,DEN,OAK,-3.5,43.5
2017,4,Sun,2017-10-01,8,SEA,IND,-12,41.5
2017,4,Sun,2017-10-01,4,LAC,PHI,-2,48
2017,4,Mon,2017-10-02,8,KC,WAS,-6.5,48
2017,5,Thu,2017-10-05,8,NE,TB,-3.5,54.5
2017,5,Sun,2017-10-08,1,DET,CAR,-2,41.5
2017,5,Sun,2017-10-08,1,SF,IND,-1,43.5
2017,5,Sun,2017-10-08,1,TEN,MIA,-1,41.5
2017,5,Sun,2017-10-08,4,OAK,BAL,-3,40.5
2017,5,Sun,2017-10-08,4,LA,SEA,-2,46.5
2017,5,Sun,2017-10-08,4,DAL,GB,-2.5,52
2017,5,Sun,2017-10-08,1,NYG,LAC,-3,45.5
2017,5,Sun,2017-10-08,8,KC,HOU,-1.5,45.5
2017,5,Sun,2017-10-08,1,CIN,BUF,-3,39.5
2017,5,Sun,2017-10-08,1,NYJ,CLE,-1.5,41.5
2017,5,Sun,2017-10-08,1,PHI,ARI,-6,44.5
2017,5,Sun,2017-10-08,1,PIT,JAC,-7,41
2017,5,Mon,2017-10-09,8,MIN,CHI,-3.5,41
2017,6,Thu,2017-10-12,8,CAR,PHI,-3,44
2017,6,Sun,2017-10-15,1,GB,MIN,-3,46
2017,6,Sun,2017-10-15,1,NO,DET,-5.5,50.5
2017,6,Sun,2017-10-15,1,NE,NYJ,-9.5,48.5
2017,6,Sun,2017-10-15,1,HOU,CLE,-7,46
2017,6,Sun,2017-10-15,1,WAS,SF,-11.5,46.5
2017,6,Sun,2017-10-15,4,TB,ARI,-2.5,46.5
2017,6,Sun,2017-10-15,4,LA,JAC,-1,42
2017,6,Sun,2017-10-15,4,KC,PIT,-3.5,46
2017,6,Sun,2017-10-15,8,DEN,NYG,-13.5,37.5
2017,6,Sun,2017-10-15,4,OAK,LAC,-3,48
2017,6,Sun,2017-10-15,1,ATL,MIA,-14,46
2017,6,Sun,2017-10-15,1,BAL,CHI,-5,39.5
2017,6,Mon,2017-10-16,8,TEN,IND,-6.5,46
2017,7,Thu,2017-10-19,8,KC,OAK,-3,46.5
2017,7,Sun,2017-10-22,4,DAL,SF,-6,48
2017,7,Sun,2017-10-22,1,BUF,TB,-3,46.5
2017,7,Sun,2017-10-22,1,CAR,CHI,-2.5,39.5
2017,7,Sun,2017-10-22,1,TEN,CLE,-6,42.5
2017,7,Sun,2017-10-22,1,NO,GB,-3.5,45.5
2017,7,Sun,2017-10-22,1,JAC,IND,-3,41
2017,7,Sun,2017-10-22,1,LA,ARI,-3,45.5
2017,7,Sun,2017-10-22,1,MIA,NYJ,-3,40
2017,7,Sun,2017-10-22,1,MIN,BAL,-5.5,37.5
2017,7,Sun,2017-10-22,4,SEA,NYG,-3.5,38.5
2017,7,Sun,2017-10-22,4,PIT,CIN,-4.5,40
2017,7,Sun,2017-10-22,8,NE,ATL,-2.5,56.5
2017,7,Sun,2017-10-22,4,DEN,LAC,-1,41
2017,7,Mon,2017-10-23,8,PHI,WAS,-5.5,48.5
2017,8,Thu,2017-10-26,8,BAL,MIA,-3,38
2017,8,Sun,2017-10-29,4,SEA,HOU,-6,45
2017,8,Sun,2017-10-29,4,DAL,WAS,-3,46.5
2017,8,Sun,2017-10-29,1,NE,LAC,-6.5,49
2017,8,Sun,2017-10-29,8,PIT,DET,-3,44.5
2017,8,Sun,2017-10-29,1,ATL,NYJ,-6.5,44
2017,8,Sun,2017-10-29,1,NO,CHI,-7.5,46
2017,8,Sun,2017-10-29,1,CIN,IND,-10.5,44
2017,8,Sun,2017-10-29,9,MIN,CLE,-11,38.5
2017,8,Sun,2017-10-29,1,PHI,SF,-12.5,45
2017,8,Sun,2017-10-29,1,CAR,TB,-1.5,46
2017,8,Sun,2017-10-29,1,BUF,OAK,-2,47.5
2017,8,Mon,2017-10-30,8,KC,DEN,-7,42
2017,9,Thu,2017-11-02,8,BUF,NYJ,-3,42
2017,9,Sun,2017-11-05,8,OAK,MIA,-3,44.5
2017,9,Sun,2017-11-05,1,PHI,DEN,-7,41
2017,9,Sun,2017-11-05,1,HOU,IND,-6,45
2017,9,Sun,2017-11-05,1,JAC,CIN,-6,38
2017,9,Sun,2017-11-05,1,NO,TB,-6.5,54.5
2017,9,Sun,2017-11-05,1,LA,NYG,-6,42.5
2017,9,Sun,2017-11-05,1,TEN,BAL,-3,41
2017,9,Sun,2017-11-05,4,SEA,WAS,-8,44
2017,9,Sun,2017-11-05,4,ARI,SF,-2.5,39.5
2017,9,Sun,2017-11-05,4,DAL,KC,-2.5,53
2017,9,Sun,2017-11-05,1,ATL,CAR,-3,42
2017,9,Mon,2017-11-06,8,DET,GB,-2.5,43
2017,10,Thu,2017-11-09,8,SEA,ARI,-6,40
2017,10,Sun,2017-11-12,1,JAC,LAC,-5,41
2017,10,Sun,2017-11-12,1,PIT,IND,-10.5,47
2017,10,Sun,2017-11-12,1,CHI,GB,-4.5,37.5
2017,10,Sun,2017-11-12,1,NYJ,TB,-1.5,44.5
2017,10,Sun,2017-11-12,1,DET,CLE,-10,42.5
2017,10,Sun,2017-11-12,1,NO,BUF,-2,48.5
2017,10,Sun,2017-11-12,1,MIN,WAS,-1,42.5
2017,10,Sun,2017-11-12,1,TEN,CIN,-4.5,40.5
2017,10,Sun,2017-11-12,4,NYG,SF,-3,41.5
2017,10,Sun,2017-11-12,4,LA,HOU,-12.5,44.5
2017,10,Sun,2017-11-12,8,NE,DEN,-7,44.5
2017,10,Sun,2017-11-12,4,ATL,DAL,-3.5,48.5
2017,10,Mon,2017-11-13,8,CAR,MIA,-8,38.5
2017,11,Thu,2017-11-16,8,PIT,TEN,-7,44.5
2017,11,Sun,2017-11-19,1,BAL,GB,-2.5,38.5
2017,11,Sun,2017-11-19,1,HOU,ARI,-2.5,38.5
2017,11,Sun,2017-11-19,1,TB,MIA,-1,43.5
2017,11,Sun,2017-11-19,1,LA,MIN,-1.5,46
2017,11,Sun,2017-11-19,1,NO,WAS,-9.5,53
2017,11,Sun,2017-11-19,1,KC,NYG,-9.5,44.5
2017,11,Sun,2017-11-19,4,NE,OAK,-7,54.5
2017,11,Sun,2017-11-19,4,DEN,CIN,-2.5,37.5
2017,11,Sun,2017-11-19,8,PHI,DAL,-6,48
2017,11,Sun,2017-11-19,4,LAC,BUF,-7,41.5
2017,11,Sun,2017-11-19,1,DET,CHI,-3,41
2017,11,Sun,2017-11-19,1,JAC,CLE,-7,37
2017,11,Mon,2017-11-20,8,ATL,SEA,-1,46
2017,12,Thu,2017-11-23,4,LAC,DAL,-1,46.5
2017,12,Thu,2017-11-23,8,WAS,NYG,-7,44
2017,12,Thu,2017-11-23,12,MIN,DET,-2.5,45.5
2017,12,Sun,2017-11-26,1,KC,BUF,-8,47
2017,12,Sun,2017-11-26,1,TEN,IND,-3,46.5
2017,12,Sun,2017-11-26,1,PHI,CHI,-13.5,43
2017,12,Sun,2017-11-26,1,CAR,NYJ,-5.5,39
2017,12,Sun,2017-11-26,1,NE,MIA,-16.5,49
2017,12,Sun,2017-11-26,4,JAC,ARI,-6,37
2017,12,Sun,2017-11-26,4,SEA,SF,-6.5,44.5
2017,12,Sun,2017-11-26,1,CIN,CLE,-7.5,39
2017,12,Sun,2017-11-26,1,ATL,TB,-10,47.5
2017,12,Sun,2017-11-26,4,LA,NO,-2.5,54
2017,12,Sun,2017-11-26,4,OAK,DEN,-4,41
2017,12,Sun,2017-11-26,8,PIT,GB,-14,43
2017,12,Mon,2017-11-27,8,BAL,HOU,-7.5,39.5
2017,13,Thu,2017-11-30,8,WAS,DAL,-1.5,47
2017,13,Sun,2017-12-03,1,JAC,IND,-10,41
2017,13,Sun,2017-12-03,1,BAL,DET,-2.5,43
2017,13,Sun,2017-12-03,1,NE,BUF,-7.5,49
2017,13,Sun,2017-12-03,1,CHI,SF,-2.5,42
2017,13,Sun,2017-12-03,1,DEN,MIA,-1.5,41
2017,13,Sun,2017-12-03,1,KC,NYJ,-3.5,44
2017,13,Sun,2017-12-03,1,TEN,HOU,-7,42
2017,13,Sun,2017-12-03,4,LA,ARI,-7,43
2017,13,Sun,2017-12-03,4,OAK,NYG,-10,43
2017,13,Sun,2017-12-03,4,NO,CAR,-6,47.5
2017,13,Sun,2017-12-03,8,PHI,SEA,-4,46.5
2017,13,Sun,2017-12-03,4,LAC,CLE,-13,44.5
2017,13,Sun,2017-12-03,1,GB,TB,-3,45.5
2017,13,Sun,2017-12-03,1,ATL,MIN,-2,48.5
2017,13,Mon,2017-12-04,8,PIT,CIN,-4.5,43
2017,14,Thu,2017-12-07,8,ATL,NO,-2,51.5
2017,14,Sun,2017-12-10,1,BUF,IND,-3.5,36.5
2017,14,Sun,2017-12-10,1,MIN,CAR,-2.5,40.5
2017,14,Sun,2017-12-10,1,CIN,CHI,-6,40
2017,14,Sun,2017-12-10,1,GB,CLE,-2.5,38.5
2017,14,Sun,2017-12-10,1,KC,OAK,-4,48.5
2017,14,Sun,2017-12-10,1,SF,HOU,-1.5,45.5
2017,14,Sun,2017-12-10,1,DAL,NYG,-4,42.5
2017,14,Sun,2017-12-10,1,DET,TB,-1,48
2017,14,Sun,2017-12-10,4,TEN,ARI,-2.5,42
2017,14,Sun,2017-12-10,4,NYJ,DEN,-1,40.5
2017,14,Sun,2017-12-10,4,PHI,LA,-1,47.5
2017,14,Sun,2017-12-10,4,JAC,SEA,-2.5,40.5
2017,14,Sun,2017-12-10,8,PIT,BAL,-6,43
2017,14,Sun,2017-12-10,4,LAC,WAS,-6,46.5
2017,14,Mon,2017-12-11,8,NE,MIA,-10.5,48
2017,15,Thu,2017-12-14,8,DEN,IND,-2.5,40.5
2017,15,Sat,2017-12-16,4,DET,CHI,-5,43.5
2017,15,Sat,2017-12-16,8,LAC,KC,-1,46.5
2017,15,Sun,2017-12-17,1,BAL,CLE,-6.5,42.5
2017,15,Sun,2017-12-17,1,CAR,GB,-3,46.5
2017,15,Sun,2017-12-17,1,BUF,MIA,-3.5,39.5
2017,15,Sun,2017-12-17,1,JAC,HOU,-10.5,39.5
2017,15,Sun,2017-12-17,1,PHI,NYG,-7.5,41
2017,15,Sun,2017-12-17,1,NO,NYJ,-16,47
2017,15,Sun,2017-12-17,1,MIN,CIN,-13,43
2017,15,Sun,2017-12-17,8,DAL,OAK,-3,46.5
2017,15,Sun,2017-12-17,4,SF,TEN,-2.5,44.5
2017,15,Sun,2017-12-17,4,LA,SEA,-1,47.5
2017,15,Sun,2017-12-17,1,WAS,ARI,-4,40
2017,15,Sun,2017-12-17,4,NE,PIT,-2.5,53
2017,15,Mon,2017-12-18,8,ATL,TB,-7,49.5
2017,16,Sat,2017-12-23,4,BAL,IND,-13.5,41
2017,16,Sat,2017-12-23,8,MIN,GB,-9,41
2017,16,Sun,2017-12-24,1,CAR,TB,-10,47
2017,16,Sun,2017-12-24,1,DET,CIN,-3.5,43.5
2017,16,Sun,2017-12-24,1,KC,MIA,-11,43.5
2017,16,Sun,2017-12-24,1,NE,BUF,-11,47.5
2017,16,Sun,2017-12-24,1,NO,ATL,-5.5,52
2017,16,Sun,2017-12-24,4,JAC,SF,-4,43
2017,16,Sun,2017-12-24,4,ARI,NYG,-3,39
2017,16,Sun,2017-12-24,4,DAL,SEA,-4,47.5
2017,16,Sun,2017-12-24,1,WAS,DEN,-3,38.5
2017,16,Sun,2017-12-24,1,LA,TEN,-6,46
2017,16,Sun,2017-12-24,1,LAC,NYJ,-7,42.5
2017,16,Sun,2017-12-24,1,CHI,CLE,-6,36.5
2017,16,Mon,2017-12-25,4,PIT,HOU,-8.5,45.5
2017,16,Mon,2017-12-25,8,PHI,OAK,-10,46
2017,17,Sun,2017-12-31,4,BUF,MIA,-2.5,41.5
2017,17,Sun,2017-12-31,1,MIN,CHI,-12.5,38
2017,17,Sun,2017-12-31,1,NE,NYJ,-16,43.5
2017,17,Sun,2017-12-31,1,WAS,NYG,-5,41
2017,17,Sun,2017-12-31,1,DAL,PHI,-4,41
2017,17,Sun,2017-12-31,1,PIT,CLE,-5,37.5
2017,17,Sun,2017-12-31,1,DET,GB,-7.5,45
2017,17,Sun,2017-12-31,1,IND,HOU,-5.5,42
2017,17,Sun,2017-12-31,4,SF,LA,-6,44
2017,17,Sun,2017-12-31,4,ATL,CAR,-5,44.5
2017,17,Sun,2017-12-31,4,BAL,CIN,-8.5,40
2017,17,Sun,2017-12-31,4,DEN,KC,-3,37.5
2017,17,Sun,2017-12-31,4,SEA,ARI,-8.5,38.5
2017,17,Sun,2017-12-31,4,NO,TB,-6,49.5
2017,17,Sun,2017-12-31,4,TEN,JAC,-2.5,40.5
2017,17,Sun,2017-12-31,4,LAC,OAK,-6.5,43
2017,18,Sat,2018-01-06,8,ATL,LA,,
2017,18,Sat,2018-01-06,4,TEN,KC,,
2017,18,Sun,2018-01-07,1,BUF,JAC,,
2017,18,Sun,2018-01-07,4,CAR,NO,,
2017,19,Sat,2018-01-13,8,TEN,NE,,
2017,19,Sat,2018-01-13,4,ATL,PHI,,
2017,19,Sun,2018-01-14,1,JAC,PIT,,
2017,19,Sun,2018-01-14,4,NO,MIN,,
2017,20,Sun,2018-01-21,6,MIN,PHI,,
2017,20,Sun,2018-01-21,3,JAC,NE,,
2017,21,Sun,2018-02-04,6,NE,PHI,,
2018,1,Thu,2018-09-06,8,ATL,PHI,-1,44.5
2018,1,Sun,2018-09-09,8,GB,CHI,-6.5,45
2018,1,Sun,2018-09-09,4,LAC,KC,-3.5,48
2018,1,Sun,2018-09-09,1,TEN,MIA,-1,43.5
2018,1,Sun,2018-09-09,4,CAR,DAL,-2.5,42
2018,1,Sun,2018-09-09,4,DEN,SEA,-3,42.5
2018,1,Sun,2018-09-09,1,MIN,SF,-6,46.5
2018,1,Sun,2018-09-09,4,WAS,ARI,-1.5,43.5
2018,1,Sun,2018-09-09,1,CIN,IND,-1,47.5
2018,1,Sun,2018-09-09,1,PIT,CLE,-3.5,41
2018,1,Sun,2018-09-09,1,NE,HOU,-6,49
2018,1,Sun,2018-09-09,1,NO,TB,-10,50
2018,1,Sun,2018-09-09,1,JAC,NYG,-2.5,42.5
2018,1,Sun,2018-09-09,1,BAL,BUF,-7.5,38.5
2018,1,Mon,2018-09-10,7,DET,NYJ,-7,44
2018,1,Mon,2018-09-10,10,LA,OAK,-6,47.5
2018,2,Thu,2018-09-13,8,BAL,CIN,-1,43
2018,2,Sun,2018-09-16,1,HOU,TEN,-3.5,41
2018,2,Sun,2018-09-16,1,PIT,KC,-4.5,52
2018,2,Sun,2018-09-16,1,WAS,IND,-6,48
2018,2,Sun,2018-09-16,1,PHI,TB,-3,46.5
2018,2,Sun,2018-09-16,1,MIN,GB,-2,45
2018,2,Sun,2018-09-16,1,ATL,CAR,-5.5,43.5
2018,2,Sun,2018-09-16,4,DEN,OAK,-5.5,44
2018,2,Sun,2018-09-16,4,LA,ARI,-13.5,43.5
2018,2,Sun,2018-09-16,1,LAC,BUF,-7.5,41.5
2018,2,Sun,2018-09-16,4,SF,DET,-6,48.5
2018,2,Sun,2018-09-16,8,DAL,NYG,-3,42
2018,2,Sun,2018-09-16,1,NO,CLE,-9.5,51
2018,2,Sun,2018-09-16,1,NYJ,MIA,-3,43
2018,2,Sun,2018-09-16,4,NE,JAC,-2,44.5
2018,2,Mon,2018-09-17,8,CHI,SEA,-5,42.5
2018,3,Thu,2018-09-20,8,CLE,NYJ,-3,41
2018,3,Sun,2018-09-23,4,DAL,SEA,-1.5,40
2018,3,Sun,2018-09-23,1,NO,ATL,-1.5,54
2018,3,Sun,2018-09-23,1,BAL,DEN,-5.5,46.5
2018,3,Sun,2018-09-23,1,CAR,CIN,-3,44
2018,3,Sun,2018-09-23,1,HOU,NYG,-6.5,44.5
2018,3,Sun,2018-09-23,1,JAC,TEN,-10,39.5
2018,3,Sun,2018-09-23,1,KC,SF,-5.5,53.5
2018,3,Sun,2018-09-23,1,MIA,OAK,-2.5,46
2018,3,Sun,2018-09-23,1,MIN,BUF,-16.5,41
2018,3,Sun,2018-09-23,1,PHI,IND,-6,45
2018,3,Sun,2018-09-23,1,GB,WAS,-2,46.5
2018,3,Sun,2018-09-23,4,CHI,ARI,-5.5,38.5
2018,3,Sun,2018-09-23,8,NE,DET,-6.5,55
2018,3,Sun,2018-09-23,4,LA,LAC,-7,49
2018,3,Mon,2018-09-24,8,PIT,TB,-1,55
2018,4,Thu,2018-09-27,8,LA,MIN,-7,49
2018,4,Sun,2018-09-30,8,PIT,BAL,-3,51
2018,4,Sun,2018-09-30,4,LAC,SF,-9.5,46.5
2018,4,Sun,2018-09-30,4,OAK,CLE,-2.5,44.5
2018,4,Sun,2018-09-30,4,NO,NYG,-3,52
2018,4,Sun,2018-09-30,1,NE,MIA,-6.5,50.5
2018,4,Sun,2018-09-30,1,PHI,TEN,-2.5,41.5
2018,4,Sun,2018-09-30,1,ATL,CIN,-3.5,52.5
2018,4,Sun,2018-09-30,1,CHI,TB,-2.5,45.5
2018,4,Sun,2018-09-30,1,DAL,DET,-2.5,44
2018,4,Sun,2018-09-30,1,GB,BUF,-9.5,44
2018,4,Sun,2018-09-30,1,HOU,IND,-1,48.5
2018,4,Sun,2018-09-30,1,JAC,NYJ,-7,40.5
2018,4,Sun,2018-09-30,4,SEA,ARI,-3.5,40
2018,4,Mon,2018-10-01,8,KC,DEN,-3.5,53
2018,5,Thu,2018-10-04,8,NE,IND,-11,49.5
2018,5,Sun,2018-10-07,1,BAL,CLE,-3,44.5
2018,5,Sun,2018-10-07,1,KC,JAC,-3,48
2018,5,Sun,2018-10-07,1,TEN,BUF,-6.5,38
2018,5,Sun,2018-10-07,1,CAR,NYG,-6.5,43.5
2018,5,Sun,2018-10-07,1,CIN,MIA,-6.5,48
2018,5,Sun,2018-10-07,4,LAC,OAK,-4.5,51.5
2018,5,Sun,2018-10-07,1,GB,DET,-1,50
2018,5,Sun,2018-10-07,1,DEN,NYJ,-1,42
2018,5,Sun,2018-10-07,1,PIT,ATL,-3.5,57
2018,5,Sun,2018-10-07,4,LA,SEA,-7.5,50.5
2018,5,Sun,2018-10-07,4,SF,ARI,-3,40.5
2018,5,Sun,2018-10-07,4,PHI,MIN,-3,48.5
2018,5,Sun,2018-10-07,8,HOU,DAL,-3,45.5
2018,5,Mon,2018-10-08,8,NO,WAS,-6,51.5
2018,6,Thu,2018-10-11,8,PHI,NYG,-1.5,45.5
2018,6,Sun,2018-10-14,1,NYJ,IND,-2.5,48
2018,6,Sun,2018-10-14,1,SEA,OAK,-3,47.5
2018,6,Sun,2018-10-14,1,CAR,WAS,-1,44.5
2018,6,Sun,2018-10-14,1,ATL,TB,-3,57.5
2018,6,Sun,2018-10-14,1,CIN,PIT,-2,49.5
2018,6,Sun,2018-10-14,1,HOU,BUF,-10,40.5
2018,6,Sun,2018-10-14,1,CHI,MIA,-7,40.5
2018,6,Sun,2018-10-14,1,MIN,ARI,-9.5,43.5
2018,6,Sun,2018-10-14,4,LA,DEN,-7,50
2018,6,Sun,2018-10-14,4,BAL,TEN,-2.5,43.5
2018,6,Sun,2018-10-14,8,NE,KC,-3.5,59
2018,6,Sun,2018-10-14,4,JAC,DAL,-3,40
2018,6,Sun,2018-10-14,1,LAC,CLE,-1,47
2018,6,Mon,2018-10-15,8,GB,SF,-9,46.5
2018,7,Thu,2018-10-18,8,DEN,ARI,-1,42
2018,7,Sun,2018-10-21,1,TB,CLE,-3.5,52
2018,7,Sun,2018-10-21,9,LAC,TEN,-6.5,46
2018,7,Sun,2018-10-21,4,DAL,WAS,-1,40.5
2018,7,Sun,2018-10-21,4,LA,SF,-9.5,51.5
2018,7,Sun,2018-10-21,8,KC,CIN,-6,56.5
2018,7,Sun,2018-10-21,1,DET,MIA,-3,47
2018,7,Sun,2018-10-21,1,MIN,NYJ,-3,44.5
2018,7,Sun,2018-10-21,1,PHI,CAR,-4.5,45
2018,7,Sun,2018-10-21,1,NE,CHI,-1,49
2018,7,Sun,2018-10-21,1,IND,BUF,-7,43.5
2018,7,Sun,2018-10-21,1,JAC,HOU,-4,43
2018,7,Sun,2018-10-21,4,BAL,NO,-2.5,49.5
2018,7,Mon,2018-10-22,8,ATL,NYG,-4,52.5
2018,8,Thu,2018-10-25,8,HOU,MIA,-7.5,45
2018,8,Sun,2018-10-28,9,PHI,JAC,-3.5,44.5
2018,8,Sun,2018-10-28,8,NO,MIN,-2.5,54
2018,8,Sun,2018-10-28,4,LA,GB,-7.5,57
2018,8,Sun,2018-10-28,4,SF,ARI,-2.5,40
2018,8,Sun,2018-10-28,4,IND,OAK,-3,51
2018,8,Sun,2018-10-28,1,PIT,CLE,-9,47.5
2018,8,Sun,2018-10-28,1,WAS,NYG,-1,44
2018,8,Sun,2018-10-28,1,DET,SEA,-3,48
2018,8,Sun,2018-10-28,1,CIN,TB,-3.5,54.5
2018,8,Sun,2018-10-28,1,CHI,NYJ,-9,42
2018,8,Sun,2018-10-28,1,BAL,CAR,-2.5,44.5
2018,8,Sun,2018-10-28,1,KC,DEN,-8.5,53.5
2018,8,Mon,2018-10-29,8,NE,BUF,-14,44
2018,9,Thu,2018-11-01,8,OAK,SF,-2,44
2018,9,Sun,2018-11-04,4,LA,NO,-1.5,57
2018,9,Sun,2018-11-04,8,NE,GB,-4.5,56.5
2018,9,Sun,2018-11-04,4,LAC,SEA,-1,48.5
2018,9,Sun,2018-11-04,1,CAR,TB,-6.5,56
2018,9,Sun,2018-11-04,1,PIT,BAL,-1,47
2018,9,Sun,2018-11-04,1,ATL,WAS,-1,46.5
2018,9,Sun,2018-11-04,1,MIN,DET,-5.5,47
2018,9,Sun,2018-11-04,4,HOU,DEN,-1,46.5
2018,9,Sun,2018-11-04,1,KC,CLE,-7.5,51
2018,9,Sun,2018-11-04,1,CHI,BUF,-10,38
2018,9,Sun,2018-11-04,1,MIA,NYJ,-3,43
2018,9,Mon,2018-11-05,8,DAL,TEN,-4,40
2018,10,Thu,2018-11-08,8,PIT,CAR,-3.5,51
2018,10,Sun,2018-11-11,1,TB,WAS,-3.5,51
2018,10,Sun,2018-11-11,1,CHI,DET,-7.5,45
2018,10,Sun,2018-11-11,1,NO,CIN,-6,53
2018,10,Sun,2018-11-11,1,ATL,CLE,-5.5,49
2018,10,Sun,2018-11-11,1,IND,JAC,-3,48
2018,10,Sun,2018-11-11,1,KC,ARI,-17,49.5
2018,10,Sun,2018-11-11,1,NYJ,BUF,-7,37.5
2018,10,Sun,2018-11-11,4,LA,SEA,-9.5,51
2018,10,Sun,2018-11-11,4,GB,MIA,-12.5,48.5
2018,10,Sun,2018-11-11,8,PHI,DAL,-7.5,45.5
2018,10,Sun,2018-11-11,4,LAC,OAK,-10,50.5
2018,10,Sun,2018-11-11,1,NE,TEN,-6.5,46.5
2018,10,Mon,2018-11-12,8,SF,NYG,-3,45
2018,11,Thu,2018-11-15,8,SEA,GB,-3,49
2018,11,Sun,2018-11-18,4,NO,PHI,-7,56.5
2018,11,Sun,2018-11-18,4,LAC,DEN,-7,47
2018,11,Sun,2018-11-18,1,HOU,WAS,-3,40.5
2018,11,Sun,2018-11-18,1,NYG,TB,-3,54
2018,11,Sun,2018-11-18,1,CAR,DET,-4,48.5
2018,11,Sun,2018-11-18,1,TEN,IND,-1.5,50
2018,11,Sun,2018-11-18,1,PIT,JAC,-4,47
2018,11,Sun,2018-11-18,1,ATL,DAL,-3.5,49.5
2018,11,Sun,2018-11-18,1,BAL,CIN,-6.5,43.5
2018,11,Sun,2018-11-18,4,ARI,OAK,-4.5,41
2018,11,Sun,2018-11-18,8,CHI,MIN,-2.5,44
2018,11,Mon,2018-11-19,8,LA,KC,-3,63.5
2018,12,Thu,2018-11-22,8,NO,ATL,-12,61
2018,12,Thu,2018-11-22,4,DAL,WAS,-7,40
2018,12,Thu,2018-11-22,12,CHI,DET,-3,42.5
2018,12,Sun,2018-11-25,1,BAL,OAK,-12.5,42
2018,12,Sun,2018-11-25,1,JAC,BUF,-3,36.5
2018,12,Sun,2018-11-25,1,CAR,SEA,-3,46.5
2018,12,Sun,2018-11-25,1,CLE,CIN,-1,47
2018,12,Sun,2018-11-25,4,IND,MIA,-8.5,52.5
2018,12,Sun,2018-11-25,4,PIT,DEN,-3,47.5
2018,12,Sun,2018-11-25,8,MIN,GB,-3.5,48.5
2018,12,Sun,2018-11-25,4,LAC,ARI,-14,43
2018,12,Sun,2018-11-25,1,NE,NYJ,-12.5,47
2018,12,Sun,2018-11-25,1,PHI,NYG,-5,49.5
2018,12,Sun,2018-11-25,1,TB,SF,-2,54.5
2018,12,Mon,2018-11-26,8,HOU,TEN,-3.5,42.5
2018,13,Thu,2018-11-29,8,NO,DAL,-7,51.5
2018,13,Sun,2018-12-02,1,CHI,NYG,-4,43.5
2018,13,Sun,2018-12-02,1,LA,DET,-10,54
2018,13,Sun,2018-12-02,1,GB,ARI,-13,41
2018,13,Sun,2018-12-02,1,HOU,CLE,-5.5,47.5
2018,13,Sun,2018-12-02,1,IND,JAC,-4,45.5
2018,13,Sun,2018-12-02,1,MIA,BUF,-3.5,39.5
2018,13,Sun,2018-12-02,1,ATL,BAL,-2.5,46.5
2018,13,Sun,2018-12-02,1,DEN,CIN,-4,44.5
2018,13,Sun,2018-12-02,1,CAR,TB,-3.5,51.5
2018,13,Sun,2018-12-02,4,TEN,NYJ,-9.5,40
2018,13,Sun,2018-12-02,4,KC,OAK,-14,53.5
2018,13,Sun,2018-12-02,4,NE,MIN,-6,49
2018,13,Sun,2018-12-02,4,SEA,SF,-9.5,45
2018,13,Sun,2018-12-02,8,PIT,LAC,-3,53.5
2018,13,Mon,2018-12-03,8,PHI,WAS,-6,45
2018,14,Thu,2018-12-06,8,TEN,JAC,-5.5,37
2018,14,Sun,2018-12-09,1,GB,ATL,-4,50.5
2018,14,Sun,2018-12-09,1,HOU,IND,-4,49
2018,14,Sun,2018-12-09,1,KC,BAL,-6.5,48.5
2018,14,Sun,2018-12-09,4,DEN,SF,-3,45.5
2018,14,Sun,2018-12-09,4,DET,ARI,-2.5,39.5
2018,14,Sun,2018-12-09,4,PIT,OAK,-9.5,51
2018,14,Sun,2018-12-09,4,DAL,PHI,-3,45.5
2018,14,Sun,2018-12-09,8,LA,CHI,-3,51
2018,14,Sun,2018-12-09,1,BUF,NYJ,-4.5,37
2018,14,Sun,2018-12-09,1,CAR,CLE,-1,48
2018,14,Sun,2018-12-09,4,LAC,CIN,-16.5,48.5
2018,14,Sun,2018-12-09,1,NO,TB,-9,55
2018,14,Sun,2018-12-09,1,NYG,WAS,-3,40
2018,14,Sun,2018-12-09,1,NE,MIA,-9.5,49.5
2018,14,Mon,2018-12-10,8,SEA,MIN,-3,45.5
2018,15,Thu,2018-12-13,8,KC,LAC,-4,54.5
2018,15,Sat,2018-12-15,8,DEN,CLE,-2,47
2018,15,Sat,2018-12-15,4,HOU,NYJ,-7,44.5
2018,15,Sun,2018-12-16,1,BAL,TB,-8.5,44.5
2018,15,Sun,2018-12-16,1,BUF,DET,-2.5,39.5
2018,15,Sun,2018-12-16,1,MIN,MIA,-8,45
2018,15,Sun,2018-12-16,1,TEN,NYG,-2.5,42
2018,15,Sun,2018-12-16,4,SEA,SF,-4,44
2018,15,Sun,2018-12-16,4,NE,PIT,-2.5,55.5
2018,15,Sun,2018-12-16,8,LA,PHI,-13.5,52.5
2018,15,Sun,2018-12-16,1,JAC,WAS,-7,36.5
2018,15,Sun,2018-12-16,1,CHI,GB,-6,46.5
2018,15,Sun,2018-12-16,1,CIN,OAK,-3,45.5
2018,15,Sun,2018-12-16,1,ATL,ARI,-9,43.5
2018,15,Sun,2018-12-16,1,IND,DAL,-3,47
2018,15,Mon,2018-12-17,8,NO,CAR,-6,50.5
2018,16,Sat,2018-12-22,8,LAC,BAL,-4,42.5
2018,16,Sat,2018-12-22,4,TEN,WAS,-12,38
2018,16,Sun,2018-12-23,1,IND,NYG,-9.5,48
2018,16,Sun,2018-12-23,1,GB,NYJ,-3,47
2018,16,Sun,2018-12-23,1,PHI,HOU,-2,46.5
2018,16,Sun,2018-12-23,4,LA,ARI,-14,44
2018,16,Sun,2018-12-23,4,CHI,SF,-3.5,43.5
2018,16,Sun,2018-12-23,4,NO,PIT,-6.5,53.5
2018,16,Sun,2018-12-23,8,KC,SEA,-1,54.5
2018,16,Sun,2018-12-23,1,NE,BUF,-14,45
2018,16,Sun,2018-12-23,1,MIA,JAC,-3,39.5
2018,16,Sun,2018-12-23,1,ATL,CAR,-3,46
2018,16,Sun,2018-12-23,1,DAL,TB,-7,48
2018,16,Sun,2018-12-23,1,MIN,DET,-6.5,42.5
2018,16,Sun,2018-12-23,1,CLE,CIN,-10,44
2018,16,Mon,2018-12-24,8,DEN,OAK,-1.5,42.5
2018,17,Sun,2018-12-30,1,NE,NYJ,-13.5,46.5
2018,17,Sun,2018-12-30,1,GB,DET,-7.5,44.5
2018,17,Sun,2018-12-30,4,LAC,DEN,-6.5,43.5
2018,17,Sun,2018-12-30,8,IND,TEN,-5.5,42.5
2018,17,Sun,2018-12-30,4,MIN,CHI,-5.5,39.5
2018,17,Sun,2018-12-30,4,LA,SF,-10.5,50
2018,17,Sun,2018-12-30,4,KC,OAK,-14,53
2018,17,Sun,2018-12-30,4,SEA,ARI,-15,40
2018,17,Sun,2018-12-30,4,PIT,CIN,-13.5,46
2018,17,Sun,2018-12-30,4,PHI,WAS,-6,43
2018,17,Sun,2018-12-30,4,BAL,CLE,-7,41
2018,17,Sun,2018-12-30,1,ATL,TB,-2.5,52
2018,17,Sun,2018-12-30,1,BUF,MIA,-5.5,39.5
2018,17,Sun,2018-12-30,1,NYG,DAL,-7.5,38.5
2018,17,Sun,2018-12-30,1,NO,CAR,-7.5,41.5
2018,17,Sun,2018-12-30,1,HOU,JAC,-7,39.5
2018,18,Sat,2019-01-05,4,IND,HOU,,
2018,18,Sat,2019-01-05,8,SEA,DAL,,
2018,18,Sun,2019-01-06,1,LAC,BAL,,
2018,18,Sun,2019-01-06,4,PHI,CHI,,
2018,19,Sat,2019-01-12,8,DAL,LA,,
2018,19,Sat,2019-01-12,4,IND,KC,,
2018,19,Sun,2019-01-13,1,LAC,NE,,
2018,19,Sun,2019-01-13,4,PHI,NO,,
2018,20,Sun,2019-01-20,6,NE,KC,,
2018,20,Sun,2019-01-20,3,LA,NO,,
2018,21,Sun,2019-02-03,6,LA,NE,,
2019,1,Thu,2019-09-05,8,CHI,GB,-3,46.5
2019,1,Sun,2019-09-08,4,DET,ARI,-3,46
2019,1,Sun,2019-09-08,8,NE,PIT,-5.5,49
2019,1,Sun,2019-09-08,4,DAL,NYG,-7,44.5
2019,1,Sun,2019-09-08,4,LAC,IND,-6,44.5
2019,1,Sun,2019-09-08,4,SEA,CIN,-9.5,44.5
2019,1,Sun,2019-09-08,1,LA,CAR,-1.5,49.5
2019,1,Sun,2019-09-08,1,CLE,TEN,-5.5,44.5
2019,1,Sun,2019-09-08,1,KC,JAC,-3.5,49
2019,1,Sun,2019-09-08,4,TB,SF,-1,51
2019,1,Sun,2019-09-08,1,BAL,MIA,-7,40.5
2019,1,Sun,2019-09-08,1,NYJ,BUF,-2.5,41
2019,1,Sun,2019-09-08,1,PHI,WAS,-10,44
2019,1,Sun,2019-09-08,1,MIN,ATL,-3.5,46.5
2019,1,Mon,2019-09-09,10,DEN,OAK,-3,42.5
2019,1,Mon,2019-09-09,7,NO,HOU,-7,52
2019,2,Thu,2019-09-12,8,CAR,TB,-6.5,48
2019,2,Sun,2019-09-15,4,KC,OAK,-7,53
2019,2,Sun,2019-09-15,1,CIN,SF,-1,46
2019,2,Sun,2019-09-15,1,HOU,JAC,-7,43
2019,2,Sun,2019-09-15,1,DAL,WAS,-6,46.5
2019,2,Sun,2019-09-15,1,NE,MIA,-18.5,48.5
2019,2,Sun,2019-09-15,1,BAL,ARI,-13,46
2019,2,Sun,2019-09-15,1,BUF,NYG,-1.5,44.5
2019,2,Sun,2019-09-15,1,LAC,DET,-1,46.5
2019,2,Sun,2019-09-15,1,TEN,IND,-3,43.5
2019,2,Sun,2019-09-15,4,LA,NO,-1.5,52.5
2019,2,Sun,2019-09-15,8,PHI,ATL,-1,53
2019,2,Sun,2019-09-15,1,GB,MIN,-3,43
2019,2,Sun,2019-09-15,1,PIT,SEA,-4,47
2019,2,Sun,2019-09-15,4,CHI,DEN,-2.5,40.5
2019,2,Mon,2019-09-16,8,CLE,NYJ,-6.5,45
2019,3,Thu,2019-09-19,8,TEN,JAC,-1.5,38
2019,3,Sun,2019-09-22,4,TB,NYG,-5.5,48
2019,3,Sun,2019-09-22,1,GB,DEN,-7,41.5
2019,3,Sun,2019-09-22,1,PHI,DET,-4,44.5
2019,3,Sun,2019-09-22,1,KC,BAL,-4.5,52
2019,3,Sun,2019-09-22,8,LA,CLE,-4.5,48
2019,3,Sun,2019-09-22,4,SF,PIT,-6.5,44.5
2019,3,Sun,2019-09-22,4,LAC,HOU,-3,49
2019,3,Sun,2019-09-22,4,SEA,NO,-4.5,44
2019,3,Sun,2019-09-22,4,ARI,CAR,-2,45
2019,3,Sun,2019-09-22,1,DAL,MIA,-22.5,46.5
2019,3,Sun,2019-09-22,1,NE,NYJ,-21,43
2019,3,Sun,2019-09-22,1,MIN,OAK,-9,43.5
2019,3,Sun,2019-09-22,1,IND,ATL,-1.5,48
2019,3,Sun,2019-09-22,1,BUF,CIN,-6,43.5
2019,3,Mon,2019-09-23,8,CHI,WAS,-5,41
2019,4,Thu,2019-09-26,8,GB,PHI,-3.5,46.5
2019,4,Sun,2019-09-29,1,HOU,CAR,-5.5,47.5
2019,4,Sun,2019-09-29,4,CHI,MIN,0,38.5
2019,4,Sun,2019-09-29,4,SEA,ARI,-5.5,49
2019,4,Sun,2019-09-29,1,BAL,CLE,-7,47.5
2019,4,Sun,2019-09-29,4,LA,TB,-9.5,48.5
2019,4,Sun,2019-09-29,1,ATL,TEN,-3.5,46
2019,4,Sun,2019-09-29,1,NE,BUF,-7,41.5
2019,4,Sun,2019-09-29,1,KC,DET,-7,54.5
2019,4,Sun,2019-09-29,1,IND,OAK,-5.5,46.5
2019,4,Sun,2019-09-29,1,LAC,MIA,-14.5,44
2019,4,Sun,2019-09-29,1,NYG,WAS,-3,48
2019,4,Sun,2019-09-29,8,DAL,NO,-2.5,47.5
2019,4,Sun,2019-09-29,4,DEN,JAC,-2.5,37
2019,4,Mon,2019-09-30,8,PIT,CIN,-3.5,45
2019,5,Thu,2019-10-03,8,SEA,LA,-1.5,48.5
2019,5,Sun,2019-10-06,8,KC,IND,-11,56
2019,5,Sun,2019-10-06,4,DAL,GB,-3.5,47
2019,5,Sun,2019-10-06,1,BAL,PIT,-3,44
2019,5,Sun,2019-10-06,4,LAC,DEN,-6,44.5
2019,5,Sun,2019-10-06,1,PHI,NYJ,-14.5,44
2019,5,Sun,2019-10-06,1,MIN,NYG,-5,43.5
2019,5,Sun,2019-10-06,1,NO,TB,-3,46
2019,5,Sun,2019-10-06,1,CHI,OAK,-5,40.5
2019,5,Sun,2019-10-06,1,HOU,ATL,-4,50
2019,5,Sun,2019-10-06,1,CIN,ARI,-3,47.5
2019,5,Sun,2019-10-06,1,CAR,JAC,-3,40
2019,5,Sun,2019-10-06,1,NE,WAS,-15,42.5
2019,5,Sun,2019-10-06,1,TEN,BUF,-2.5,39.5
2019,5,Mon,2019-10-07,8,SF,CLE,-4.5,48
2019,6,Thu,2019-10-10,8,NE,NYG,-16.5,43.5
2019,6,Sun,2019-10-13,4,ATL,ARI,-3,52
2019,6,Sun,2019-10-13,9,CAR,TB,-2,47
2019,6,Sun,2019-10-13,1,WAS,MIA,-5,42
2019,6,Sun,2019-10-13,1,MIN,PHI,-3.5,44
2019,6,Sun,2019-10-13,1,BAL,CIN,-11,47
2019,6,Sun,2019-10-13,1,CLE,SEA,-1,46
2019,6,Sun,2019-10-13,1,JAC,NO,-3,42.5
2019,6,Sun,2019-10-13,1,KC,HOU,-3.5,54.5
2019,6,Sun,2019-10-13,4,DEN,TEN,-1,40.5
2019,6,Sun,2019-10-13,4,DAL,NYJ,-7,43.5
2019,6,Sun,2019-10-13,4,LA,SF,-3,50.5
2019,6,Sun,2019-10-13,8,LAC,PIT,-6,42.5
2019,6,Mon,2019-10-14,8,GB,DET,-3.5,47
2019,7,Thu,2019-10-17,8,KC,DEN,-3,49.5
2019,7,Sun,2019-10-20,1,GB,OAK,-5.5,47.5
2019,7,Sun,2019-10-20,1,LA,ATL,-3,55
2019,7,Sun,2019-10-20,4,TEN,LAC,-3,42.5
2019,7,Sun,2019-10-20,8,DAL,PHI,-3,50
2019,7,Sun,2019-10-20,4,CHI,NO,-4,37
2019,7,Sun,2019-10-20,4,SEA,BAL,-3,48
2019,7,Sun,2019-10-20,1,SF,WAS,-10,39
2019,7,Sun,2019-10-20,1,JAC,CIN,-4.5,44
2019,7,Sun,2019-10-20,1,BUF,MIA,-17,42
2019,7,Sun,2019-10-20,1,NYG,ARI,-3.5,50.5
2019,7,Sun,2019-10-20,1,IND,HOU,-1.5,47
2019,7,Sun,2019-10-20,1,MIN,DET,-2.5,43
2019,7,Mon,2019-10-21,8,NE,NYJ,-9.5,43
2019,8,Thu,2019-10-24,8,MIN,WAS,-16.5,41.5
2019,8,Sun,2019-10-27,1,JAC,NYJ,-7,40
2019,8,Sun,2019-10-27,1,IND,DEN,-5.5,42
2019,8,Sun,2019-10-27,1,DET,NYG,-6,49
2019,8,Sun,2019-10-27,1,SEA,ATL,-7.5,50
2019,8,Sun,2019-10-27,1,CHI,LAC,-3.5,41
2019,8,Sun,2019-10-27,1,BUF,PHI,-1,39.5
2019,8,Sun,2019-10-27,8,GB,KC,-5,48
2019,8,Sun,2019-10-27,4,NE,CLE,-9.5,43
2019,8,Sun,2019-10-27,4,HOU,OAK,-4.5,52
2019,8,Sun,2019-10-27,4,SF,CAR,-4,40.5
2019,8,Sun,2019-10-27,1,TEN,TB,-2,45
2019,8,Sun,2019-10-27,1,NO,ARI,-12.5,48.5
2019,8,Sun,2019-10-27,1,LA,CIN,-12.5,48
2019,8,Mon,2019-10-28,8,PIT,MIA,-13.5,43.5
2019,9,Thu,2019-10-31,8,SF,ARI,-10.5,43.5
2019,9,Sun,2019-11-03,1,NYJ,MIA,-3.5,42.5
2019,9,Sun,2019-11-03,4,GB,LAC,-4,49.5
2019,9,Sun,2019-11-03,9,JAC,HOU,-1,46
2019,9,Sun,2019-11-03,1,MIN,KC,-5.5,46
2019,9,Sun,2019-11-03,1,BUF,WAS,-10.5,37
2019,9,Sun,2019-11-03,1,CAR,TEN,-3.5,43
2019,9,Sun,2019-11-03,1,PHI,CHI,-5,41
2019,9,Sun,2019-11-03,1,PIT,IND,-1.5,39.5
2019,9,Sun,2019-11-03,4,SEA,TB,-4,51
2019,9,Sun,2019-11-03,4,OAK,DET,-2.5,51
2019,9,Sun,2019-11-03,4,CLE,DEN,-4,39
2019,9,Sun,2019-11-03,8,NE,BAL,-3,44
2019,9,Mon,2019-11-04,8,DAL,NYG,-6.5,48.5
2019,10,Thu,2019-11-07,8,LAC,OAK,-1.5,49
2019,10,Sun,2019-11-10,1,KC,TEN,-6,48.5
2019,10,Sun,2019-11-10,1,NO,ATL,-14,51.5
2019,10,Sun,2019-11-10,1,NYG,NYJ,-3,43.5
2019,10,Sun,2019-11-10,4,GB,CAR,-5,49
2019,10,Sun,2019-11-10,4,IND,MIA,-11,44
2019,10,Sun,2019-11-10,4,LA,PIT,-4.5,43
2019,10,Sun,2019-11-10,8,DAL,MIN,-3,47.5
2019,10,Sun,2019-11-10,1,CHI,DET,-7,38
2019,10,Sun,2019-11-10,1,BAL,CIN,-10.5,44
2019,10,Sun,2019-11-10,1,TB,ARI,-5.5,51
2019,10,Sun,2019-11-10,1,CLE,BUF,-3,42
2019,10,Mon,2019-11-11,8,SF,SEA,-6.5,47
2019,11,Thu,2019-11-14,8,CLE,PIT,-3,41.5
2019,11,Sun,2019-11-17,4,NE,PHI,-4,45
2019,11,Sun,2019-11-17,4,OAK,CIN,-13,48
2019,11,Sun,2019-11-17,1,DAL,DET,-7.5,46.5
2019,11,Sun,2019-11-17,1,IND,JAC,-2.5,41.5
2019,11,Sun,2019-11-17,1,BAL,HOU,-4.5,51
2019,11,Sun,2019-11-17,1,CAR,ATL,-3.5,48.5
2019,11,Sun,2019-11-17,1,BUF,MIA,-7,41.5
2019,11,Sun,2019-11-17,1,MIN,DEN,-9.5,40
2019,11,Sun,2019-11-17,1,NO,TB,-5,51
2019,11,Sun,2019-11-17,1,WAS,NYJ,-2,37.5
2019,11,Sun,2019-11-17,8,LA,CHI,-5,40
2019,11,Sun,2019-11-17,4,SF,ARI,-9.5,44
2019,11,Mon,2019-11-18,8,KC,LAC,-5.5,52
2019,12,Thu,2019-11-21,8,HOU,IND,-3.5,46
2019,12,Sun,2019-11-24,4,NE,DAL,-5,44.5
2019,12,Sun,2019-11-24,8,SF,GB,-3,48
2019,12,Sun,2019-11-24,1,SEA,PHI,-2,46
2019,12,Sun,2019-11-24,4,TEN,JAC,-4.5,42
2019,12,Sun,2019-11-24,1,PIT,CIN,-6,37
2019,12,Sun,2019-11-24,1,CHI,NYG,-6,40.5
2019,12,Sun,2019-11-24,1,BUF,DEN,-3.5,37
2019,12,Sun,2019-11-24,1,OAK,NYJ,-3.5,44.5
2019,12,Sun,2019-11-24,1,ATL,TB,-3.5,51.5
2019,12,Sun,2019-11-24,1,DET,WAS,-4,39.5
2019,12,Sun,2019-11-24,1,NO,CAR,-9.5,46.5
2019,12,Sun,2019-11-24,1,CLE,MIA,-11,46
2019,12,Mon,2019-11-25,8,BAL,LA,-3.5,46.5
2019,13,Thu,2019-11-28,8,NO,ATL,-7,48
2019,13,Thu,2019-11-28,4,DAL,BUF,-6.5,46.5
2019,13,Thu,2019-11-28,12,CHI,DET,-5.5,37
2019,13,Sun,2019-12-01,1,GB,NYG,-6.5,43.5
2019,13,Sun,2019-12-01,1,BAL,SF,-5.5,45
2019,13,Sun,2019-12-01,1,CAR,WAS,-10.5,38.5
2019,13,Sun,2019-12-01,1,NYJ,CIN,-2.5,43
2019,13,Sun,2019-12-01,1,PHI,MIA,-10.5,45
2019,13,Sun,2019-12-01,1,CLE,PIT,-1,40
2019,13,Sun,2019-12-01,1,TEN,IND,-1,41.5
2019,13,Sun,2019-12-01,1,TB,JAC,-3,46.5
2019,13,Sun,2019-12-01,4,KC,OAK,-11,49.5
2019,13,Sun,2019-12-01,8,NE,HOU,-3.5,47.5
2019,13,Sun,2019-12-01,4,LAC,DEN,-4.5,38.5
2019,13,Sun,2019-12-01,4,LA,ARI,-2,47
2019,13,Mon,2019-12-02,8,SEA,MIN,-3,48
2019,14,Thu,2019-12-05,8,DAL,CHI,-3,43
2019,14,Sun,2019-12-08,1,HOU,DEN,-8,42.5
2019,14,Sun,2019-12-08,1,ATL,CAR,-3.5,48
2019,14,Sun,2019-12-08,1,BAL,BUF,-6.5,44
2019,14,Sun,2019-12-08,1,MIN,DET,-12,44
2019,14,Sun,2019-12-08,1,NO,SF,-1,45
2019,14,Sun,2019-12-08,1,NYJ,MIA,-5,47
2019,14,Sun,2019-12-08,1,CLE,CIN,-6.5,43
2019,14,Sun,2019-12-08,4,PIT,ARI,-2,43.5
2019,14,Sun,2019-12-08,1,GB,WAS,-13.5,41.5
2019,14,Sun,2019-12-08,4,TEN,OAK,-3,47
2019,14,Sun,2019-12-08,8,LA,SEA,-1.5,47.5
2019,14,Sun,2019-12-08,4,NE,KC,-3,49
2019,14,Sun,2019-12-08,1,TB,IND,-3,46.5
2019,14,Sun,2019-12-08,4,LAC,JAC,-3.5,42
2019,14,Mon,2019-12-09,8,PHI,NYG,-9,45.5
2019,15,Thu,2019-12-12,8,BAL,NYJ,-17,44
2019,15,Sun,2019-12-15,1,SEA,CAR,-6,48.5
2019,15,Sun,2019-12-15,4,MIN,LAC,-1.5,45
2019,15,Sun,2019-12-15,4,DAL,LA,0,48.5
2019,15,Sun,2019-12-15,8,PIT,BUF,-1.5,37
2019,15,Sun,2019-12-15,4,SF,ATL,-10,50
2019,15,Sun,2019-12-15,4,OAK,JAC,-6.5,47
2019,15,Sun,2019-12-15,4,CLE,ARI,-3,49
2019,15,Sun,2019-12-15,1,PHI,WAS,-6.5,39
2019,15,Sun,2019-12-15,1,TEN,HOU,-3.5,50
2019,15,Sun,2019-12-15,1,NYG,MIA,-3.5,46.5
2019,15,Sun,2019-12-15,1,KC,DEN,-9.5,43
2019,15,Sun,2019-12-15,1,GB,CHI,-4.5,41
2019,15,Sun,2019-12-15,1,TB,DET,-6,46
2019,15,Sun,2019-12-15,1,NE,CIN,-10.5,42
2019,15,Mon,2019-12-16,8,NO,IND,-8.5,47.5
2019,16,Sat,2019-12-21,1,HOU,TB,-3,50
2019,16,Sat,2019-12-21,8,SF,LA,-7,45.5
2019,16,Sat,2019-12-21,4,NE,BUF,-7,39
2019,16,Sun,2019-12-22,1,PIT,NYJ,-3,36.5
2019,16,Sun,2019-12-22,1,NYG,WAS,-1,42
2019,16,Sun,2019-12-22,1,NO,TEN,-3.5,49
2019,16,Sun,2019-12-22,4,SEA,ARI,-8,51
2019,16,Sun,2019-12-22,8,KC,CHI,-7,45.5
2019,16,Sun,2019-12-22,4,LAC,OAK,-7.5,45
2019,16,Sun,2019-12-22,4,DAL,PHI,-2.5,46.5
2019,16,Sun,2019-12-22,4,DEN,DET,-8,40
2019,16,Sun,2019-12-22,1,CIN,MIA,-1.5,45.5
2019,16,Sun,2019-12-22,1,IND,CAR,-6.5,46.5
2019,16,Sun,2019-12-22,1,BAL,CLE,-10,48.5
2019,16,Sun,2019-12-22,1,ATL,JAC,-7.5,48
2019,16,Mon,2019-12-23,8,MIN,GB,-4,47
2019,17,Sun,2019-12-29,8,SF,SEA,-3,47
2019,17,Sun,2019-12-29,4,TEN,HOU,-9.5,43.5
2019,17,Sun,2019-12-29,1,NO,CAR,-14,45
2019,17,Sun,2019-12-29,4,LA,ARI,-7,45
2019,17,Sun,2019-12-29,1,CLE,CIN,-3,43.5
2019,17,Sun,2019-12-29,1,KC,LAC,-9.5,45.5
2019,17,Sun,2019-12-29,1,GB,DET,-13.5,44
2019,17,Sun,2019-12-29,1,CHI,MIN,-4,36
2019,17,Sun,2019-12-29,1,NE,MIA,-17,45
2019,17,Sun,2019-12-29,1,TB,ATL,-1,48
2019,17,Sun,2019-12-29,4,PIT,BAL,-1.5,35
2019,17,Sun,2019-12-29,4,PHI,NYG,-4,44
2019,17,Sun,2019-12-29,4,IND,JAC,-4.5,41.5
2019,17,Sun,2019-12-29,4,DEN,OAK,-4,41
2019,17,Sun,2019-12-29,4,DAL,WAS,-11.5,46.5
2019,17,Sun,2019-12-29,1,NYJ,BUF,-1,37
2019,18,Sat,2020-01-04,8,TEN,NE,,
2019,18,Sat,2020-01-04,4,BUF,HOU,,
2019,18,Sun,2020-01-05,4,SEA,PHI,,
2019,18,Sun,2020-01-05,1,MIN,NO,,
2019,19,Sat,2020-01-11,4,MIN,SF,,
2019,19,Sat,2020-01-11,8,TEN,BAL,,
2019,19,Sun,2020-01-12,6,SEA,GB,,
2019,19,Sun,2020-01-12,3,HOU,KC,,
2019,20,Sun,2020-01-19,6,GB,SF,,
2019,20,Sun,2020-01-19,3,TEN,KC,,
2019,21,Sun,2020-02-02,6,SF,KC,,
