player_id,hv_plays,target_eff
00-0025414,1.3636363636363636,1.27
00-0022766,1.5000000000000000,1.24
00-0022807,1.00000000000000000000,0.79
00-0024259,,5.55
00-0031533,,0.78
00-0027135,1.2000000000000000,0.98
00-0021190,1.00000000000000000000,0.80
00-0034268,,0.72
00-0028702,1.00000000000000000000,0.82
00-0030532,1.3333333333333333,1.02
00-0027061,1.5277777777777778,1.18
00-0031558,1.00000000000000000000,1.64
00-0027789,1.3333333333333333,1.33
00-0028114,1.1818181818181818,1.73
00-0030155,1.0714285714285714,1.01
00-0033528,1.00000000000000000000,0.74
00-0028651,,0.73
00-0028070,,2.26
00-0032190,,0.61
00-0033288,1.6896551724137931,0.96
00-0028400,1.00000000000000000000,0.98
00-0035297,1.2000000000000000,0.83
00-0023679,1.00000000000000000000,0.73
00-0033555,,1.23
00-0023531,,0.88
00-0022484,1.00000000000000000000,1.13
00-0025463,1.3000000000000000,1.82
00-0022714,1.00000000000000000000,0.83
00-0031381,1.7142857142857143,0.86
00-0025464,1.00000000000000000000,1.59
00-0009119,,0.78
00-0031035,1.00000000000000000000,0.89
00-0033627,1.00000000000000000000,1.02
00-0026276,,1.23
00-0026562,,0.76
00-0031068,1.2500000000000000,0.54
00-0027088,1.00000000000000000000,0.69
00-0034560,,0.68
00-0031757,,1.57
00-0033441,,0.47
00-0027056,,0.69
00-0026293,,
00-0022421,1.00000000000000000000,1.19
00-0020337,1.6756756756756757,0.93
00-0023429,1.00000000000000000000,1.30
00-0025425,1.3548387096774194,0.90
00-0027718,1.2727272727272727,0.78
00-0031932,,0.75
00-0029432,1.5000000000000000,0.85
00-0027853,,3.65
00-0034827,1.4166666666666667,0.90
00-0029878,1.00000000000000000000,0.77
00-0027157,,0.51
00-0032250,,1.01
00-0030758,,0.93
00-0031968,,0.93
00-0032626,1.3000000000000000,0.86
00-0032650,,0.68
00-0030400,1.2000000000000000,0.81
00-0027696,1.6363636363636364,0.80
00-0022943,1.2881355932203390,1.05
00-0022064,,1.09
00-0026959,,0.88
00-0030466,,0.51
00-0032543,1.1428571428571429,0.88
00-0034407,,0.86
00-0032166,2.0000000000000000,0.96
00-0033896,1.2500000000000000,1.30
00-0032679,,0.87
00-0035229,1.00000000000000000000,0.80
00-0033576,,0.63
00-0029664,1.5789473684210526,1.11
00-0024305,1.00000000000000000000,1.08
00-0024535,1.00000000000000000000,1.07
00-0024221,1.6875000000000000,0.83
00-0026181,,1.20
00-0028987,1.00000000000000000000,1.10
00-0029697,1.5500000000000000,0.94
00-0026996,1.2812500000000000,0.77
00-0024272,1.2307692307692308,1.20
00-0032724,,0.82
00-0019457,,0.88
00-0034406,1.00000000000000000000,1.19
00-0034521,1.00000000000000000000,0.89
00-0017162,1.8750000000000000,0.92
00-0027796,,0.69
00-0028905,1.00000000000000000000,1.22
00-0029137,1.6901408450704225,0.98
00-0030854,1.1428571428571429,1.57
00-0031051,1.4583333333333333,0.70
00-0032385,1.5185185185185185,0.81
00-0031684,,0.52
00-0030737,,1.85
00-0034366,1.2000000000000000,0.76
00-0020498,1.8333333333333333,0.75
00-0033840,,0.77
00-0027651,1.0500000000000000,0.54
00-0034348,1.7368421052631579,0.99
00-0031788,,2.00
00-0027139,1.00000000000000000000,1.39
00-0031042,1.00000000000000000000,0.96
00-0025486,1.00000000000000000000,0.64
00-0027758,1.4482758620689655,0.98
00-0031325,1.6976744186046512,0.95
00-0032765,2.1333333333333333,1.06
00-0034970,1.00000000000000000000,0.88
00-0026231,1.4736842105263158,0.98
00-0034393,,0.87
00-0026753,,0.86
00-0032394,1.00000000000000000000,1.02
00-0031834,,0.85
00-0027581,1.2000000000000000,1.42
00-0029660,1.2500000000000000,1.59
00-0028842,,1.30
00-0034411,,0.76
00-0022909,1.5500000000000000,0.90
00-0032839,,1.20
00-0028532,1.3333333333333333,2.71
00-0006101,1.3170731707317073,0.81
00-0027873,1.2692307692307692,0.92
00-0024714,,0.47
00-0021191,1.4444444444444444,0.99
00-0027819,,1.05
00-0031302,1.1250000000000000,0.73
00-0034837,1.5294117647058824,1.30
00-0021525,,0.67
00-0030516,1.2777777777777778,2.10
00-0032441,,0.70
00-0027708,,4.11
00-0033111,1.2500000000000000,0.68
00-0028105,,0.85
00-0027122,,0.60
00-0032964,,1.19
00-0032841,,0.78
00-0032355,1.2142857142857143,0.88
00-0028434,1.7361111111111111,1.25
00-0023310,1.3333333333333333,1.05
00-0034386,,0.78
00-0027809,,0.83
00-0023503,,0.86
00-0034159,1.7500000000000000,1.23
00-0026878,1.00000000000000000000,1.55
00-0027713,1.6666666666666667,0.86
00-0027358,,1.08
00-0030068,1.2608695652173913,1.13
00-0027059,,1.31
00-0025410,1.7450980392156863,0.75
00-0032795,1.00000000000000000000,0.82
00-0033943,1.3846153846153846,0.94
00-0024240,1.4000000000000000,0.58
00-0026216,1.00000000000000000000,1.15
00-0031941,1.5405405405405405,0.81
00-0028792,,1.32
00-0022144,1.2500000000000000,0.77
00-0033282,1.5714285714285714,0.88
00-0026995,1.6000000000000000,0.84
00-0030670,1.0909090909090909,0.88
00-0033717,,0.52
00-0021163,1.5925925925925926,0.87
00-0021915,1.00000000000000000000,1.16
00-0025466,1.8888888888888889,0.86
00-0030801,1.2500000000000000,1.60
00-0031609,1.00000000000000000000,0.92
00-0028270,,0.88
00-0029227,,0.81
00-0031962,,1.41
00-0022882,,0.60
00-0031585,1.2500000000000000,1.22
00-0031598,1.1428571428571429,0.78
00-0033080,1.00000000000000000000,0.94
00-0022781,1.3333333333333333,0.68
00-0034710,,0.47
00-0033040,1.7073170731707317,1.08
00-0026237,1.1333333333333333,0.78
00-0029204,,0.53
00-0027780,1.00000000000000000000,1.37
00-0025462,1.4736842105263158,1.29
00-0033455,1.2857142857142857,1.12
00-0026210,1.4642857142857143,1.45
00-0031544,2.0000000000000000,0.70
00-0027567,,0.93
00-0029275,1.4210526315789474,0.88
00-0027944,2.0961538461538462,1.03
00-0033460,1.4545454545454545,0.77
00-0031782,1.8333333333333333,0.91
00-0027709,1.3000000000000000,0.83
00-0026000,1.4444444444444444,0.53
00-0031600,,0.66
00-0028142,1.0588235294117647,1.18
00-0020342,,0.96
00-0033009,1.7333333333333333,0.76
00-0003035,1.5000000000000000,0.71
00-0034052,,1.72
00-0021227,1.5000000000000000,1.25
00-0012478,1.8000000000000000,0.97
00-0027656,2.1363636363636364,1.10
00-0022910,1.4000000000000000,0.93
00-0029435,1.00000000000000000000,0.94
00-0002099,1.00000000000000000000,0.64
00-0011754,1.6250000000000000,1.19
00-0026182,1.5641025641025641,0.85
00-0020494,1.3023255813953488,0.91
00-0028522,,0.52
00-0026937,1.2068965517241379,1.31
00-0029640,1.4210526315789474,0.84
00-0032009,1.2000000000000000,0.96
00-0031545,1.00000000000000000000,0.66
00-0032562,,0.97
00-0028049,1.00000000000000000000,0.84
00-0023470,,0.78
00-0031934,1.00000000000000000000,1.11
00-0030154,,0.77
00-0029108,,2.56
00-0030089,1.1666666666666667,1.21
00-0031189,1.6250000000000000,1.28
00-0026173,1.6000000000000000,0.82
00-0026189,1.6534653465346535,1.27
00-0028091,1.4375000000000000,0.74
00-0029271,,1.18
00-0031327,,1.05
00-0026716,,1.22
00-0027349,,0.58
00-0032227,1.00000000000000000000,0.96
00-0033895,1.4545454545454545,0.89
00-0033043,,0.73
00-0028984,,1.41
00-0026986,1.5375000000000000,0.67
00-0031384,1.2941176470588235,0.93
00-0031732,,4.45
00-0031816,,1.47
00-0021148,1.0952380952380952,1.09
00-0027691,1.3142857142857143,1.21
00-0030095,1.00000000000000000000,1.04
00-0030113,1.2500000000000000,0.95
00-0030279,1.8431372549019608,0.92
00-0028267,,0.68
00-0031257,1.3200000000000000,0.95
00-0022726,,1.05
00-0030300,1.2413793103448276,1.62
00-0030431,1.6166666666666667,0.87
00-0031166,1.1612903225806452,1.00
00-0028352,1.00000000000000000000,0.83
00-0029673,1.00000000000000000000,1.24
00-0028596,,0.75
00-0030806,,1.51
00-0027827,,-0.05
00-0028406,,0.43
00-0033217,1.3333333333333333,1.36
00-0021192,1.6000000000000000,0.80
00-0028291,,1.93
00-0030000,1.7500000000000000,0.69
00-0023630,1.2962962962962963,1.01
00-0026186,1.5714285714285714,0.76
00-0033908,2.0000000000000000,0.88
00-0029129,1.1666666666666667,0.79
00-0031428,1.8846153846153846,0.86
00-0031268,,0.69
00-0028097,1.00000000000000000000,1.57
00-0029391,1.00000000000000000000,1.04
00-0026491,,1.41
00-0035140,1.1428571428571429,2.28
00-0026366,1.2000000000000000,1.03
00-0026056,,0.71
00-0027753,1.1538461538461538,0.87
00-0029883,1.2857142857142857,1.32
00-0027012,1.3333333333333333,1.13
00-0030272,,2.20
00-0033387,1.5000000000000000,0.88
00-0035719,1.8750000000000000,1.32
00-0034775,1.5555555555555556,0.99
00-0005720,1.00000000000000000000,0.51
00-0031326,1.00000000000000000000,0.77
00-0029580,1.5250000000000000,0.82
00-0033591,,0.87
00-0028237,1.4062500000000000,1.01
00-0023752,1.1428571428571429,1.18
00-0026757,1.00000000000000000000,1.75
00-0024466,1.6800000000000000,1.01
00-0025549,1.5833333333333333,0.77
00-0033352,,0.32
00-0034420,1.3333333333333333,1.39
00-0033564,,0.60
00-0025622,1.00000000000000000000,0.73
00-0026170,1.6666666666666667,0.87
00-0033857,1.5357142857142857,0.77
00-0031763,1.2500000000000000,0.99
00-0034764,1.7647058823529412,1.13
00-0027188,1.00000000000000000000,1.14
00-0032864,,0.66
00-0022414,1.5409836065573770,0.73
00-0022388,1.00000000000000000000,0.89
00-0021174,,0.34
00-0028061,1.1428571428571429,1.13
00-0032112,1.2727272727272727,0.55
00-0024268,1.3095238095238095,0.99
00-0030663,1.5517241379310345,1.04
00-0024301,1.00000000000000000000,0.97
00-0029614,1.2500000000000000,1.47
00-0032170,,0.63
00-0027261,,0.42
00-0031922,,0.83
00-0029534,1.00000000000000000000,0.79
00-0027902,1.7250000000000000,0.94
00-0031060,1.00000000000000000000,0.97
00-0026267,1.1666666666666667,0.96
00-0027321,1.3333333333333333,0.60
00-0027964,1.4000000000000000,0.80
00-0034860,1.5000000000000000,1.28
00-0033633,,0.96
00-0027997,1.3000000000000000,0.65
00-0027920,,0.58
00-0029388,1.3636363636363636,0.84
00-0028906,,0.16
00-0034272,1.5000000000000000,0.83
00-0025559,1.1818181818181818,0.55
00-0029601,,1.00
00-0024171,,1.29
00-0032935,,1.56
00-0033258,,0.48
00-0027618,,0.96
00-0033421,,1.01
00-0034829,1.3750000000000000,0.71
00-0026008,1.00000000000000000000,1.10
00-0029343,,0.96
00-0027608,1.00000000000000000000,1.44
00-0034798,,0.78
00-0034747,1.00000000000000000000,0.69
00-0023438,1.3636363636363636,1.17
00-0034351,1.3571428571428571,0.93
00-0027942,1.8658536585365854,0.86
00-0034960,1.2500000000000000,0.84
00-0028045,1.1250000000000000,0.84
00-0024687,,0.97
00-0032959,,0.88
00-0028509,,0.96
00-0034765,1.4000000000000000,1.39
00-0026536,,1.35
00-0032661,1.00000000000000000000,1.14
00-0032739,,0.90
00-0033466,1.3333333333333333,0.94
00-0029740,,1.62
00-0034487,1.00000000000000000000,0.78
00-0027006,1.5892857142857143,0.83
00-0027816,1.2500000000000000,0.93
00-0033382,1.00000000000000000000,1.69
00-0034273,1.3333333333333333,0.91
00-0026188,1.6521739130434783,0.85
00-0033434,,2.15
00-0030061,1.5593220338983051,0.67
00-0027687,1.1000000000000000,0.81
00-0029209,1.5000000000000000,0.90
00-0021304,,1.15
00-0024607,,0.75
00-0028442,,1.71
00-0029394,1.00000000000000000000,0.89
00-0032464,1.00000000000000000000,1.19
00-0032123,,1.06
00-0032214,1.6250000000000000,1.06
00-0007681,1.00000000000000000000,0.78
00-0021273,1.00000000000000000000,1.19
00-0026913,1.5000000000000000,1.46
00-0023921,1.6875000000000000,1.07
00-0026201,1.5217391304347826,0.97
00-0027356,,1.19
00-0026377,,1.06
00-0030147,1.3000000000000000,0.85
00-0023367,1.3906250000000000,0.92
00-0027322,1.3333333333333333,0.82
00-0027795,1.00000000000000000000,0.88
00-0030564,1.8974358974358974,0.90
00-0026176,1.8750000000000000,0.67
00-0034101,,1.17
00-0032400,1.5000000000000000,1.05
00-0034258,,0.95
00-0031053,,0.91
00-0034317,1.00000000000000000000,1.25
00-0025864,,0.88
00-0025602,1.00000000000000000000,1.10
00-0032319,1.00000000000000000000,0.68
00-0023518,1.00000000000000000000,1.39
00-0004541,1.2307692307692308,1.49
00-0031868,1.3333333333333333,1.02
00-0033696,,1.65
00-0029463,,-0.11
00-0034383,,0.66
00-0021756,1.00000000000000000000,1.43
00-0029311,1.00000000000000000000,1.19
00-0027069,1.00000000000000000000,0.98
00-0028179,1.00000000000000000000,0.66
00-0032134,1.00000000000000000000,0.79
00-0001477,,0.94
00-0026364,1.4615384615384615,1.09
00-0031511,,0.70
00-0030422,1.2142857142857143,0.94
00-0025529,1.8095238095238095,0.73
00-0031951,1.00000000000000000000,1.05
00-0022097,1.6842105263157895,1.15
00-0033573,,1.61
00-0032045,,1.27
00-0027429,1.00000000000000000000,1.56
00-0031273,1.4285714285714286,0.77
00-0029414,,1.07
00-0026026,,0.96
00-0028042,1.00000000000000000000,1.00
00-0029293,1.7213114754098361,1.06
00-0026123,1.3333333333333333,0.99
00-0023176,1.1875000000000000,1.07
00-0030549,1.4193548387096774,0.89
00-0021175,,1.01
00-0027776,,0.84
00-0035689,1.00000000000000000000,0.89
00-0032429,,1.08
00-0021166,1.00000000000000000000,1.06
00-0031167,,1.01
00-0033871,1.5789473684210526,0.82
00-0034011,1.5000000000000000,0.97
00-0025490,,0.84
00-0026901,1.5164835164835165,1.02
00-0031787,1.00000000000000000000,1.25
00-0027470,,0.52
00-0030443,1.1000000000000000,1.19
00-0033879,1.7777777777777778,1.02
00-0020516,1.3809523809523810,1.08
00-0034364,1.1666666666666667,0.91
00-0028079,,0.74
00-0026235,1.3793103448275862,0.72
00-0027595,1.00000000000000000000,1.07
00-0032362,1.00000000000000000000,1.10
00-0028156,,1.79
00-0026902,2.0000000000000000,1.14
00-0028050,1.1250000000000000,1.18
00-0023612,1.4285714285714286,0.96
00-0034499,,0.74
00-0025396,1.2068965517241379,0.80
00-0031373,1.5454545454545455,0.96
00-0028086,1.4000000000000000,0.90
00-0023465,1.4150943396226415,0.75
00-0028337,,0.84
00-0021547,1.6962025316455696,0.94
00-0033611,1.3636363636363636,0.50
00-0028838,1.2500000000000000,0.77
00-0031818,,0.89
00-0034676,1.5454545454545455,1.13
00-0033953,,0.74
00-0026193,,0.47
00-0032656,,0.47
00-0034766,1.2500000000000000,1.10
00-0032980,1.5000000000000000,1.27
00-0032745,,0.73
00-0028238,,0.80
00-0034981,1.00000000000000000000,1.35
00-0026983,1.2162162162162162,1.52
00-0029999,1.00000000000000000000,0.95
00-0030805,,0.42
00-0028002,1.6857142857142857,0.67
00-0027996,1.5625000000000000,0.84
00-0032004,1.2000000000000000,0.72
00-0031484,,1.11
00-0029667,1.00000000000000000000,1.19
00-0030550,1.00000000000000000000,0.94
00-0023457,1.6250000000000000,0.89
00-0024463,1.3333333333333333,0.93
00-0026314,1.2800000000000000,0.90
00-0024369,1.00000000000000000000,0.97
00-0024529,,1.18
00-0026221,1.3529411764705882,0.73
00-0025934,,0.62
00-0026035,1.2666666666666667,0.86
00-0028307,1.6666666666666667,1.80
00-0024243,1.3888888888888889,1.09
00-0029274,,0.57
00-0027981,1.2786885245901639,1.14
00-0033006,,1.11
00-0028995,1.5000000000000000,0.98
00-0027918,1.2413793103448276,0.88
00-0031310,1.00000000000000000000,0.91
00-0023408,1.1250000000000000,0.74
00-0028187,,0.95
00-0031972,,0.91
00-0033094,1.00000000000000000000,1.51
00-0021929,1.2000000000000000,0.98
00-0031236,1.7678571428571429,1.00
00-0033079,1.1428571428571429,0.69
00-0030822,,0.80
00-0029006,,0.48
00-0025465,1.7142857142857143,1.00
00-0030049,1.00000000000000000000,1.14
00-0027732,1.1000000000000000,1.15
00-0024609,,1.87
00-0035401,,0.72
00-0034830,1.00000000000000000000,0.98
00-0033933,,0.65
00-0027109,1.2000000000000000,1.96
00-0024297,1.2500000000000000,0.93
00-0032064,,1.79
00-0026225,1.00000000000000000000,0.95
00-0021999,1.3636363636363636,0.89
00-0033379,,1.25
00-0035215,,0.77
00-0032098,1.00000000000000000000,0.96
00-0031549,1.2758620689655172,0.91
00-0027912,1.5833333333333333,1.16
00-0024432,,0.68
00-0031228,1.4444444444444444,0.91
00-0032160,1.6857142857142857,0.93
00-0029632,1.4042553191489362,0.90
00-0026998,1.5609756097560976,0.71
00-0025516,1.2820512820512821,1.03
00-0033251,2.0000000000000000,0.81
00-0026957,1.00000000000000000000,0.89
00-0022127,1.4500000000000000,0.86
00-0028020,1.2000000000000000,0.85
00-0004915,,0.78
00-0026465,1.4545454545454545,1.26
00-0028338,,0.61
00-0027606,,0.99
00-0027518,1.5714285714285714,0.77
00-0030856,,1.03
00-0022901,1.00000000000000000000,0.84
00-0021154,1.00000000000000000000,1.28
00-0032881,1.00000000000000000000,1.55
00-0031408,1.9850746268656716,1.35
00-0034983,2.0000000000000000,0.94
00-0028542,,1.74
00-0034339,,0.86
00-0032475,1.00000000000000000000,1.81
00-0030669,1.1666666666666667,1.02
00-0033481,,0.89
00-0026953,1.00000000000000000000,0.85
00-0027700,,0.56
00-0031260,1.00000000000000000000,0.86
00-0026357,,0.74
00-0027057,1.1250000000000000,1.79
00-0023496,2.0000000000000000,0.69
00-0028112,1.3617021276595745,0.79
00-0035308,,0.99
00-0027040,,0.99
00-0030290,1.00000000000000000000,0.72
00-0022054,1.3333333333333333,0.63
00-0032423,1.00000000000000000000,1.35
00-0031299,1.8235294117647059,0.89
00-0031025,,1.76
00-0033054,,1.21
00-0020397,1.5000000000000000,1.10
00-0026931,1.00000000000000000000,1.12
00-0021647,,0.81
00-0032008,,0.92
00-0034753,1.6842105263157895,1.00
00-0030116,,0.38
00-0030108,1.3043478260869565,0.92
00-0022746,,1.52
00-0034279,,0.83
00-0027089,1.2812500000000000,1.02
00-0035644,1.8000000000000000,0.93
00-0031291,,0.94
00-0033742,,1.60
00-0032523,,1.18
00-0028550,,1.27
00-0026268,1.00000000000000000000,0.82
00-0026739,1.3333333333333333,0.90
00-0027985,1.0487804878048780,0.72
00-0032089,,0.73
00-0033474,,0.83
00-0031339,1.2121212121212121,0.65
00-0022126,,1.34
00-0027891,1.4936708860759494,1.35
00-0027063,1.1428571428571429,1.07
00-0031697,1.00000000000000000000,1.00
00-0019642,1.4285714285714286,1.15
00-0030450,1.2500000000000000,0.76
00-0022847,,1.83
00-0031021,,0.79
00-0027026,1.1904761904761905,0.74
00-0033060,1.00000000000000000000,2.35
00-0032482,,1.35
00-0028417,,0.54
00-0005231,1.00000000000000000000,1.18
00-0033839,1.6000000000000000,0.65
00-0027500,,0.78
00-0027702,1.6486486486486486,0.80
00-0031570,1.1333333333333333,0.97
00-0022165,1.3000000000000000,0.80
00-0027441,1.00000000000000000000,1.09
00-0033911,1.3333333333333333,0.80
00-0027783,1.5000000000000000,1.24
00-0033090,1.5217391304347826,1.13
00-0029319,1.2000000000000000,0.95
00-0029183,,3.19
00-0029694,,0.70
00-0032135,1.2666666666666667,1.10
00-0022811,1.5277777777777778,1.12
00-0033292,1.00000000000000000000,0.95
00-0027690,1.7538461538461538,0.62
00-0027076,1.4000000000000000,0.43
00-0035287,1.00000000000000000000,0.65
00-0029269,1.3750000000000000,1.23
00-0033885,1.4666666666666667,0.83
00-0029590,,1.24
00-0026191,1.5000000000000000,1.05
00-0025951,,0.87
00-0028021,2.0000000000000000,0.93
00-0029155,1.6666666666666667,0.75
00-0024825,,0.92
00-0032398,1.00000000000000000000,1.34
00-0026224,1.3939393939393939,0.69
00-0032775,1.4000000000000000,1.73
00-0034309,,1.77
00-0029281,,1.25
00-0031462,,0.56
00-0024389,1.4687500000000000,0.81
00-0033127,1.8500000000000000,1.07
00-0026908,,0.53
00-0028174,,1.04
00-0028903,1.3000000000000000,1.73
00-0030544,1.2222222222222222,2.09
00-0032001,,0.54
00-0032054,1.5882352941176471,1.59
00-0033859,,0.54
00-0033266,,0.88
00-0035350,1.5000000000000000,0.81
00-0030780,1.00000000000000000000,1.36
00-0025597,,0.32
00-0027450,1.3000000000000000,0.63
00-0030043,,1.09
00-0033069,1.00000000000000000000,0.77
00-0031560,1.00000000000000000000,1.49
00-0030274,1.00000000000000000000,0.91
00-0022921,1.6964285714285714,0.84
00-0029552,,0.42
00-0030187,,1.40
00-0022277,,0.32
00-0030216,1.3157894736842105,0.82
00-0034510,1.2500000000000000,1.63
00-0034631,1.00000000000000000000,2.35
00-0031044,1.00000000000000000000,1.16
00-0032117,1.1000000000000000,1.07
00-0027675,1.2222222222222222,1.39
00-0031912,1.3333333333333333,1.59
00-0027005,1.6666666666666667,0.78
00-0030828,,3.63
00-0034653,1.00000000000000000000,1.03
00-0029119,1.2000000000000000,0.89
00-0024287,1.2857142857142857,1.51
00-0031431,1.2916666666666667,0.92
00-0032725,2.0000000000000000,1.21
00-0026804,,0.81
00-0032208,1.1666666666666667,1.11
00-0035659,1.7142857142857143,1.08
00-0027477,1.2000000000000000,1.09
00-0029638,1.4666666666666667,1.08
00-0028288,,0.82
00-0030085,1.4807692307692308,0.89
00-0031610,1.3571428571428571,1.01
00-0020438,1.3125000000000000,1.24
00-0027585,,0.89
00-0028411,1.5714285714285714,0.85
00-0030181,1.2500000000000000,1.10
00-0028067,1.4857142857142857,0.70
00-0021508,1.00000000000000000000,1.70
00-0027150,1.6363636363636364,0.85
00-0028249,1.00000000000000000000,1.48
00-0034426,1.00000000000000000000,1.05
00-0034646,,0.62
00-0034867,,0.98
00-0031514,,0.97
00-0032977,1.4615384615384615,1.60
00-0030091,1.3333333333333333,1.11
00-0030521,1.1000000000000000,1.26
00-0025542,1.1818181818181818,0.75
00-0024465,1.00000000000000000000,0.84
00-0027352,,0.66
00-0027154,,0.74
00-0028052,1.4516129032258065,0.77
00-0031953,,1.16
00-0023210,,1.02
00-0033307,1.2352941176470588,1.35
00-0026333,,1.20
00-0022044,2.0447761194029851,1.05
00-0027077,1.3653846153846154,1.04
00-0032120,,0.88
00-0024313,1.5121951219512195,0.81
00-0024447,1.2727272727272727,0.90
00-0026658,,0.56
00-0020332,,1.30
00-0033439,,1.22
00-0035676,2.0000000000000000,1.55
00-0030506,1.6818181818181818,0.98
00-0032256,1.0909090909090909,0.79
00-0031382,1.5322580645161290,0.89
00-0026699,,0.83
00-0035216,1.00000000000000000000,0.84
00-0027695,1.1875000000000000,1.38
00-0029634,1.00000000000000000000,1.21
00-0028646,,0.37
00-0030990,1.00000000000000000000,1.22
00-0027149,,0.24
00-0029642,,0.41
00-0035703,1.00000000000000000000,2.01
00-0032791,1.00000000000000000000,0.98
00-0034686,1.1666666666666667,0.57
00-0031344,1.2307692307692308,1.22
00-0019127,1.00000000000000000000,3.02
00-0034073,1.00000000000000000000,0.83
00-0034439,,1.69
00-0022001,,0.59
00-0020550,,2.29
00-0035631,,0.65
00-0027825,1.00000000000000000000,1.04
00-0029708,1.5000000000000000,0.83
00-0034286,1.00000000000000000000,1.58
00-0025389,2.3827160493827160,1.02
00-0022929,1.3684210526315789,0.94
00-0035640,1.2727272727272727,1.01
00-0032392,1.5000000000000000,1.00
00-0032599,1.00000000000000000000,0.97
00-0030659,,0.44
00-0030710,1.4166666666666667,0.69
00-0023953,1.00000000000000000000,1.63
00-0032128,1.3478260869565217,0.77
00-0035246,1.00000000000000000000,1.13
00-0024334,1.8068181818181818,0.62
00-0026669,,0.61
00-0034772,1.4285714285714286,0.95
00-0033757,1.00000000000000000000,1.71
00-0024267,1.5645161290322581,1.15
00-0030540,1.4000000000000000,0.88
00-0020285,1.2500000000000000,1.21
00-0029587,1.0625000000000000,0.86
00-0032365,,0.84
00-0025432,1.5000000000000000,1.00
00-0027893,1.2307692307692308,0.94
00-0029702,1.00000000000000000000,0.60
00-0029572,1.2571428571428571,0.59
00-0011795,1.6666666666666667,0.92
00-0026298,1.0666666666666667,1.58
00-0029415,1.00000000000000000000,0.78
00-0025431,1.6857142857142857,1.07
00-0023968,1.00000000000000000000,0.79
00-0033916,1.00000000000000000000,1.03
00-0028606,,0.84
00-0032218,1.5000000000000000,0.83
00-0029336,1.00000000000000000000,1.03
00-0028958,1.00000000000000000000,0.92
00-0033095,,0.73
00-0028040,1.3703703703703704,0.78
00-0025540,1.3461538461538462,1.57
00-0029654,1.00000000000000000000,0.79
00-0027125,1.4736842105263158,1.08
00-0029755,,0.93
00-0027714,1.4444444444444444,0.71
00-0033464,,0.81
00-0030821,1.5384615384615385,1.45
00-0027693,,1.10
00-0033932,1.8387096774193548,1.14
00-0019650,1.00000000000000000000,0.82
00-0029910,1.4285714285714286,1.28
00-0022817,,0.76
00-0021236,1.1000000000000000,0.70
00-0026336,,0.81
00-0031547,1.5945945945945946,0.87
00-0030472,1.8125000000000000,0.80
00-0022171,1.00000000000000000000,1.40
00-0029689,1.3461538461538462,1.10
00-0033891,1.4545454545454545,0.97
00-0023784,,0.55
00-0021159,1.00000000000000000000,0.89
00-0028263,1.4642857142857143,1.00
00-0027685,1.6046511627906977,0.89
00-0032778,1.3076923076923077,1.09
00-0032141,,0.88
00-0032211,1.5897435897435897,2.57
00-0028362,,1.10
00-0027070,1.00000000000000000000,1.48
00-0027202,1.00000000000000000000,1.51
00-0032139,,0.88
00-0028116,1.2777777777777778,1.28
00-0033375,1.1666666666666667,1.31
00-0031118,1.2727272727272727,0.67
00-0022084,1.6233766233766234,0.99
00-0027092,1.6190476190476190,0.84
00-0032760,1.2857142857142857,0.63
00-0026266,1.1428571428571429,0.99
00-0027769,,0.45
00-0032688,1.7931034482758621,0.88
00-0023442,,0.69
00-0024345,1.1111111111111111,1.08
00-0022156,1.1428571428571429,1.09
00-0025417,1.00000000000000000000,1.00
00-0030920,,0.82
00-0031387,1.3000000000000000,0.81
00-0024261,,0.55
00-0007213,,0.75
00-0026174,1.6000000000000000,1.15
00-0025544,1.5000000000000000,0.96
00-0028093,1.1538461538461538,0.91
00-0034854,,0.96
00-0033110,1.5294117647058824,1.34
00-0031744,1.00000000000000000000,1.10
00-0033681,1.5882352941176471,1.30
00-0032115,,0.72
00-0030035,1.8536585365853659,1.17
00-0029000,1.4500000000000000,1.43
00-0010500,1.1052631578947368,0.97
00-0034270,,0.82
00-0026281,1.3928571428571429,0.71
00-0026780,1.1818181818181818,1.17
00-0032966,1.4000000000000000,0.73
00-0027982,1.5454545454545455,1.02
00-0029051,1.6000000000000000,0.78
00-0033658,1.1428571428571429,1.46
00-0031588,1.7173913043478261,1.07
00-0023108,,0.59
00-0029218,1.00000000000000000000,0.88
00-0031187,,1.62
00-0030542,1.4102564102564103,0.79
00-0021931,1.5238095238095238,1.16
00-0027692,,1.00
00-0028119,,1.07
00-0029033,1.00000000000000000000,0.83
00-0027725,1.2500000000000000,0.87
00-0026272,,0.48
00-0024276,1.1428571428571429,0.63
00-0032634,,0.79
00-0032694,,0.94
00-0021147,1.00000000000000000000,2.15
00-0031854,,0.84
00-0032430,,1.03
00-0023490,1.00000000000000000000,0.92
00-0032188,,
00-0031418,1.2666666666666667,0.73
00-0034928,2.5000000000000000,1.00
00-0022706,,1.78
00-0034489,,0.76
00-0027874,1.6893203883495146,0.89
00-0033937,,0.92
00-0030992,1.3750000000000000,0.90
00-0032055,1.4571428571428571,0.75
00-0027681,1.4126984126984127,1.08
00-0020268,,0.93
00-0027156,1.2727272727272727,0.99
00-0021255,,0.81
00-0033114,,1.11
00-0022738,1.3750000000000000,0.71
00-0030578,1.2083333333333333,1.39
00-0031359,1.3333333333333333,0.85
00-0033921,1.8461538461538462,1.12
00-0034370,1.6666666666666667,0.69
00-0034365,1.5000000000000000,0.73
00-0030474,1.00000000000000000000,0.82
00-0027654,1.1666666666666667,1.25
00-0015754,1.0714285714285714,1.06
00-0032951,1.00000000000000000000,0.73
00-0034353,1.5333333333333333,1.42
00-0023797,,0.70
00-0029262,1.7419354838709677,1.15
00-0031235,1.9482758620689655,0.83
00-0027308,,0.29
00-0029548,1.6666666666666667,1.04
00-0027813,1.00000000000000000000,0.89
00-0028016,1.1666666666666667,0.96
00-0022427,1.7547169811320755,0.78
00-0025419,,0.69
00-0024318,1.2500000000000000,1.53
00-0024756,1.00000000000000000000,0.90
00-0033589,1.3333333333333333,1.24
00-0031001,1.00000000000000000000,0.94
00-0030512,,1.83
00-0028007,1.1538461538461538,0.87
00-0035662,1.3333333333333333,1.11
00-0023832,,2.87
00-0031690,,1.25
00-0033881,1.5500000000000000,0.92
00-0027761,,0.67
00-0023790,,1.30
00-0028825,1.4117647058823529,0.99
00-0035639,1.00000000000000000000,1.39
00-0021982,1.3333333333333333,1.07
00-0033562,1.00000000000000000000,0.66
00-0027105,1.00000000000000000000,1.24
00-0025609,,0.97
00-0030514,1.6000000000000000,0.94
00-0029868,,0.70
00-0018958,1.5714285714285714,1.21
00-0033536,1.3750000000000000,1.26
00-0020446,1.6000000000000000,0.87
00-0033246,,0.73
00-0027583,,1.46
00-0029098,,0.74
00-0030525,1.1739130434782609,1.75
00-0034054,,1.41
00-0033514,,1.33
00-0024013,,0.63
00-0033315,,0.72
00-0023570,,1.12
00-0026178,1.1764705882352941,0.68
00-0028994,,0.91
00-0028543,,1.55
00-0028017,1.2941176470588235,1.21
00-0033559,2.0000000000000000,1.45
00-0030460,1.4000000000000000,0.87
00-0024324,1.5000000000000000,0.64
00-0029793,1.00000000000000000000,0.94
00-0034777,1.8181818181818182,0.70
00-0029778,,0.79
00-0022725,1.00000000000000000000,0.89
00-0030470,1.2000000000000000,0.71
00-0027265,1.6500000000000000,0.86
00-0030897,,1.04
00-0029159,1.2894736842105263,0.54
00-0026345,1.5200000000000000,0.74
00-0025418,1.5903614457831325,0.88
00-0019281,,0.73
00-0032974,,0.70
00-0021213,1.00000000000000000000,1.20
00-0024326,2.0000000000000000,1.21
00-0014655,1.00000000000000000000,1.24
00-0032659,1.1666666666666667,0.78
00-0026963,,0.61
00-0029848,1.00000000000000000000,0.87
00-0031320,,0.75
00-0030691,1.00000000000000000000,0.90
00-0026331,,0.36
00-0025460,1.2812500000000000,1.10
00-0027259,1.7500000000000000,1.35
00-0028497,1.3333333333333333,0.94
00-0027215,1.0909090909090909,0.98
00-0021570,,1.10
00-0034652,,0.78
00-0022922,1.4074074074074074,0.74
00-0029738,1.2222222222222222,1.21
00-0027445,,0.88
00-0026100,,2.34
00-0023462,1.6712328767123288,0.77
00-0027793,2.0638297872340426,1.07
00-0033858,1.4444444444444444,1.00
00-0032707,,0.73
00-0032062,1.00000000000000000000,1.05
00-0034532,,1.38
00-0029856,,1.11
00-0030110,,0.90
00-0009323,1.00000000000000000000,0.83
00-0030047,1.7142857142857143,0.87
00-0029707,1.8750000000000000,0.86
00-0027755,,0.89
00-0028930,,0.64
00-0027220,1.00000000000000000000,1.18
00-0031023,1.5000000000000000,0.55
00-0034512,,0.99
00-0029608,1.9610389610389610,0.99
