pos,rank_full,rank_full_alt,rank_slim,standard_abs_rk,standard_value_rk,sim_abs_rk,sim_value_rk,exp_points_for,exp_points_ag,ou,spread,abs_spread,salary,points,points_per_salary
WR,52,60.33333333,45,36,27,54,91,27,23,50,4,4,4500,56.7,12.6
WR,67.5,80,109.5,111,30,108,21,30,23,53,7,7,3500,38.2,10.91428571
TE,23,22.66666667,30.5,31,24,30,7,24.5,22.5,47,2,2,2500,26.7,10.68
WR,50,42.66666667,37,37,72,37,54,26.25,22.75,49,3.5,3.5,5000,49.8,9.96
WR,80,69.66666667,104,114,111,94,1,17.5,27,44.5,-9.5,9.5,3900,37.8,9.692307692
TE,26,21,31,36,41,26,1,23.75,16.75,40.5,7,7,3000,27.8,9.266666667
TE,26,31,32,30,11,34,29,16.5,23.5,40,-7,7,2700,24.6,9.111111111
RB,25.5,27,16,13,21,19,49,21.75,25.25,47,-3.5,3.5,5900,52.2,8.847457627
WR,45.5,44,28,26,50,30,76,20.25,22.75,43,-2.5,2.5,5000,43.3,8.66
TE,22,28,27,24,4,30,30,17.75,19.75,37.5,-2,2,2900,24.9,8.586206897
WR,54.5,45.66666667,44,49,81,39,49,27,17,44,10,10,4500,38.4,8.533333333
RB,23,22.66666667,20.5,21,24,20,27,23,26,49,-3,3,5000,42.6,8.52
WR,54.75,57.66666667,81,83,46,79,11,26,20,46,6,6,4500,37.6,8.355555556
RB,35.5,27.66666667,36.5,44,59,29,10,22.25,18.25,40.5,4,4,5000,40.8,8.16
RB,54.75,71.66666667,71,67,4,75,73,23.5,27,50.5,-3.5,3.5,4700,38,8.085106383
WR,33,24.33333333,19.5,25,59,14,34,23.75,20.25,44,3.5,3.5,5900,46.5,7.881355932
WR,55.25,62,52,44,35,60,82,18.5,21.5,40,-3,3,5000,39.4,7.88
WR,53.25,45.33333333,60.5,70,77,51,15,22.75,28.25,51,-5.5,5.5,5200,40.8,7.846153846
WR,65.5,85.33333333,100.5,100,6,101,55,19.75,24.25,44,-4.5,4.5,3200,24.5,7.65625
TE,21.5,20.33333333,19,18,25,20,23,29.5,16.5,46,13,13,3800,28.2,7.421052632
WR,49,55.66666667,39,33,29,45,89,19.5,29,48.5,-9.5,9.5,6000,44.2,7.366666667
TE,19.25,24,19,13,5,25,34,21,26.5,47.5,-5.5,5.5,4700,34.6,7.361702128
WR,77,87.33333333,85,75,46,95,92,24.5,21.5,46,3,3,3600,26.4,7.333333333
RB,23.75,28.33333333,27.5,25,10,30,30,27.5,18,45.5,9.5,9.5,4700,34.4,7.319148936
QB,12.46765499,12.03773585,4.729110512,4,16,7,31,26.5,21,47.5,5.5,5.5,6400,46.76,7.30625
QB,13.67663043,16.60733696,8.792119565,3,5,15,33,23,22,45,1,1,5900,43.06,7.298305085
TE,23.5,26.66666667,28.5,28,14,29,23,22,23.5,45.5,-1.5,1.5,3600,26.2,7.277777778
QB,20.50116356,18.00886525,25.56615691,30,29,23,3,23.5,22,45.5,1.5,1.5,5200,37.84,7.276923077
WR,51.5,40,21,22,86,20,78,26.75,21.25,48,5.5,5.5,6600,48,7.272727273
RB,47,57.66666667,61.5,61,15,62,50,22,25,47,-3,3,3000,21.6,7.2
RB,30,24.66666667,32.5,41,46,24,9,25.25,19.25,44.5,6,6,5500,39.4,7.163636364
TE,22.5,25,32.5,34,15,31,10,23.5,21.5,45,2,2,2800,19.8,7.071428571
WR,65.75,79.33333333,84,79,25,89,70,23.5,16.5,40,7,7,3300,23.3,7.060606061
QB,13.22164948,8.969072165,9.742268041,17,28,4,8,24.25,19.75,44,4.5,4.5,6300,44.34,7.038095238
WR,81,92.33333333,105.5,102,47,109,66,22.75,26.25,49,-3.5,3.5,3100,21.7,7
TE,22.25,29,28,27,2,29,31,28.25,23.75,52,4.5,4.5,3400,23.8,7
RB,37.25,47,54.5,52,8,57,32,19.75,25.25,45,-5.5,5.5,3800,26.4,6.947368421
WR,41.75,25.33333333,19,25,91,13,38,21.5,23.5,45,-2,2,6600,45.8,6.939393939
TE,17,16,9,9,20,9,30,21.5,23.5,45,-2,2,3700,25.5,6.891891892
RB,35.5,39.33333333,37,37,24,37,44,16.5,20.5,37,-4,4,5100,35,6.862745098
RB,33,37.66666667,28,23,19,33,57,30.5,18,48.5,12.5,12.5,5800,39.7,6.844827586
TE,22.5,23,18,13,21,23,33,23.25,24.75,48,-1.5,1.5,3600,24.6,6.833333333
RB,32.75,31.33333333,10.5,8,37,13,73,23.75,28.25,52,-4.5,4.5,5700,38.5,6.754385965
RB,38,26.66666667,26,33,72,19,28,17.25,24.25,41.5,-7,7,4300,29,6.744186047
WR,46.25,31.66666667,11,12,90,10,73,24.5,21.5,46,3,3,6600,44.2,6.696969697
TE,20.5,25.66666667,25.5,23,5,28,26,24.25,24.25,48.5,0,0,3900,26.1,6.692307692
TE,21.5,24,25,23,14,27,22,22.25,25.75,48,-3.5,3.5,2500,16.7,6.68
QB,10.51697531,7.852674897,2.524074074,3,22,3,22,27,23,50,4,4,6700,44.74,6.67761194
WR,45,44.66666667,39,42,46,36,56,24.25,20.25,44.5,4,4,3600,24,6.666666667
WR,53.25,39.66666667,10.5,7,94,14,98,26,23,49,3,3,7000,46.6,6.657142857
WR,55.5,44.66666667,64.5,74,88,55,5,17.25,27.75,45,-10.5,10.5,5700,37.9,6.649122807
WR,42.75,49,30.5,22,24,39,86,18.25,25.25,43.5,-7,7,4000,26.5,6.625
RB,24,13,14,19,57,9,11,20.25,27.25,47.5,-7,7,6400,42.3,6.609375
TE,17.75,10.33333333,13,18,40,8,5,18.75,25.75,44.5,-7,7,4800,31.6,6.583333333
WR,60,73.33333333,64.5,55,20,74,91,19.25,21.75,41,-2.5,2.5,4300,28.3,6.581395349
TE,26.5,26,35.5,36,28,35,7,25.25,18.75,44,6.5,6.5,2500,16.3,6.52
WR,52.5,62,78.5,79,24,78,29,22.75,26.25,49,-3.5,3.5,3700,23.9,6.459459459
WR,45,46.33333333,28.5,24,41,33,82,22,23,45,-1,1,5800,37.1,6.396551724
QB,15.20612374,11.49915825,12.70959596,17,29,11,10,24.75,21.75,46.5,3,3,6400,40.74,6.365625
WR,43,37.66666667,27.5,26,59,29,58,23.5,22,45.5,1.5,1.5,5800,36.8,6.344827586
WR,46.25,42.66666667,29.5,30,57,29,69,28.5,17.5,46,11,11,6300,39.8,6.317460317
QB,23.86632653,25.12244898,30.14693878,24,16,24,12,23.25,18.75,42,4.5,4.5,5300,33.36,6.294339623
WR,32,39,6.5,1,11,12,104,25.25,21.75,47,3.5,3.5,6800,42.6,6.264705882
QB,23.91093474,25.12992357,26.44268078,22,18,25,20,20.25,22.75,43,-2.5,2.5,5200,32.56,6.261538462
RB,48,59.66666667,70.5,70,13,71,38,25.5,22.5,48,3,3,4600,28.8,6.260869565
WR,43.25,39.33333333,33,37,55,29,52,27.75,17.25,45,10.5,10.5,5100,31.7,6.215686275
QB,14.95100121,16.06674757,12.49635922,14,13,14,26,25.75,18.75,44.5,7,7,5900,36.4,6.169491525
QB,21.9740728,25.25755495,26.77300824,23,12,30,22,17,27,44,-10,10,4900,30.2,6.163265306
WR,52.5,53.33333333,34.5,30,50,39,91,21.25,26.75,48,-5.5,5.5,4900,30.1,6.142857143
TE,23.75,25.66666667,28,27,18,29,21,20.25,27.25,47.5,-7,7,2800,17.2,6.142857143
WR,51.25,52,24.5,17,49,32,107,19,21.5,40.5,-2.5,2.5,4700,28.8,6.127659574
QB,21.04884868,15.80679825,23.22631579,33,38,15,1,23.75,16.75,40.5,7,7,6000,36.56,6.093333333
QB,19.01286232,15.80289855,13.33369565,17,29,10,21,23,27,50,-4,4,5900,35.9,6.084745763
WR,46.25,50,47.5,46,35,49,55,29,17.5,46.5,11.5,11.5,5400,32.8,6.074074074
WR,45,33.33333333,23,24,80,22,54,24.5,22.5,47,2,2,5500,33.2,6.036363636
QB,16.42481203,19.00125313,15.45864662,16,9,16,27,23.75,20.25,44,3.5,3.5,5200,31.32,6.023076923
TE,16.25,13,1.5,1,26,2,36,23,18,41,5,5,4700,28.3,6.021276596
WR,76.5,88,106,104,42,108,52,25.75,18.75,44.5,7,7,4300,25.8,6
QB,32.68163265,30.75918367,44.85714286,35,30,35,2,19.5,27,46.5,-7.5,7.5,4600,27.46,5.969565217
RB,34.5,41,41,39,15,43,41,20.25,25.75,46,-5.5,5.5,4000,23.8,5.95
QB,11.50178571,9.147619048,8.475,15,23,6,13,27.5,23.5,51,4,4,7100,42.22,5.946478873
QB,14.47140957,18.33045213,14.47140957,12,3,18,27,22,23.5,45.5,-1.5,1.5,6000,35.66,5.943333333
WR,60.25,62.33333333,58,56,54,60,71,21.75,19.25,41,2.5,2.5,4100,24.3,5.926829268
RB,20,12.33333333,14,17,43,11,9,22.75,19.25,42,3.5,3.5,6300,37.3,5.920634921
WR,38.75,21.33333333,17.5,23,91,12,29,20,30,50,-10,10,7000,41.4,5.914285714
WR,53.75,48.66666667,53.5,56,69,51,39,24.25,17.25,41.5,7,7,6400,37.7,5.890625
TE,21.25,17.66666667,25,31,32,19,3,17,27,44,-10,10,2700,15.9,5.888888889
WR,52,68.66666667,79.5,77,2,82,47,19,26,45,-7,7,3300,19.4,5.878787879
TE,19.25,15,22,27,32,17,1,22,24.5,46.5,-2.5,2.5,4100,24.1,5.87804878
QB,22.984375,21.88988095,27.67506378,32,28,27,11,24.5,21.5,46,3,3,5400,31.6,5.851851852
TE,18.5,15.33333333,15,17,28,13,16,20.25,21.25,41.5,-1,1,3300,19.3,5.848484848
TE,21.5,17.66666667,22.5,26,33,19,8,25.5,21.5,47,4,4,3900,22.8,5.846153846
WR,52.75,45.66666667,63.5,73,74,54,10,18.25,22.75,41,-4.5,4.5,5100,29.8,5.843137255
QB,24.9732906,20.76210826,21.74145299,20,32,17,16,19.5,29,48.5,-9.5,9.5,5700,33.3,5.842105263
RB,26.25,16,2,1,57,3,44,21.5,18.5,40,3,3,8700,50.7,5.827586207
TE,21.5,21.66666667,14,13,21,15,37,24.75,21.25,46,3.5,3.5,4300,25,5.813953488
WR,51.25,60.33333333,68.5,65,24,72,44,20.25,26.75,47,-6.5,6.5,3600,20.9,5.805555556
TE,21.25,22.33333333,17,15,18,19,33,22.75,20.25,43,2.5,2.5,2900,16.8,5.793103448
WR,57.5,73,77.5,75,11,80,64,24,16,40,8,8,3200,18.5,5.78125
RB,24,26,17,15,18,19,44,21.5,29.5,51,-8,8,6300,36.4,5.777777778
WR,51.25,47.66666667,22.5,20,62,25,98,21.5,24.5,46,-3,3,4900,28.3,5.775510204
WR,43.75,29.66666667,36.5,50,86,23,16,27.5,23.5,51,4,4,7500,43.2,5.76
TE,17.25,18.66666667,11,9,13,13,34,27.5,24.5,52,3,3,5000,28.7,5.74
QB,19.40482955,19.06439394,21.95809659,21,20,22,13,22,23,45,-1,1,5600,32.06,5.725
WR,56.25,40.66666667,56.5,76,103,37,9,24.25,19.75,44,4.5,4.5,6200,35.4,5.709677419
QB,15.35511364,19.58333333,15.13257576,13,3,21,32,17.25,27.75,45,-10.5,10.5,5400,30.8,5.703703704
WR,48.5,55.33333333,51.5,47,28,56,63,27,19.5,46.5,7.5,7.5,4300,24.5,5.697674419
WR,36.25,39.66666667,20,17,26,23,79,22.5,26,48.5,-3.5,3.5,5500,31.3,5.690909091
WR,60.5,70.33333333,70.5,63,31,78,70,20.25,22.75,43,-2.5,2.5,3800,21.5,5.657894737
QB,21.02446483,23.26707441,30.27522936,36,17,36,11,19.75,17.25,37,2.5,2.5,4600,26.02,5.656521739
RB,34.25,23.66666667,21.5,26,66,17,28,19.25,25.25,44.5,-6,6,4900,27.7,5.653061224
RB,18.75,6.666666667,6,9,55,3,8,21.5,20.5,42,1,1,8300,46.9,5.65060241
RB,26,26.33333333,13.5,11,25,16,52,21.25,27.25,48.5,-6,6,6400,36.1,5.640625
RB,27.75,27.66666667,15.5,14,28,17,52,27.75,20.25,48,7.5,7.5,6000,33.7,5.616666667
WR,40,37,17,14,49,20,77,24,27.5,51.5,-3.5,3.5,7200,40.4,5.611111111
WR,73.25,67.33333333,99,100,91,98,4,19.25,23.75,43,-4.5,4.5,3600,20,5.555555556
QB,16.2755102,19.02982732,14.02197802,13,8,15,29,22.75,20.25,43,2.5,2.5,5800,32.18,5.548275862
TE,14.5,12.33333333,14.5,17,21,12,8,23.5,22,45.5,1.5,1.5,3200,17.7,5.53125
WR,36.25,45,34.5,30,10,39,66,26,21,47,5,5,5100,28,5.490196078
RB,42,41,59.5,65,45,54,4,28.25,22.75,51,5.5,5.5,4300,23.6,5.488372093
TE,22.25,20.33333333,29.5,31,28,28,2,23.5,22,45.5,1.5,1.5,2500,13.7,5.48
QB,18.71495327,15.98130841,16.82242991,22,32,18,17,26.75,21.25,48,5.5,5.5,5400,29.5,5.462962963
WR,68.75,81.66666667,79,69,30,89,87,25.25,21.75,47,3.5,3.5,5000,27.3,5.46
WR,62.75,73,86.5,85,32,88,46,32,11,43,21,21,3400,18.5,5.441176471
QB,20.32886905,21.39880952,25.67857143,23,16,25,12,25,22,47,3,3,5800,31.54,5.437931034
WR,52.25,38,39,46,95,32,36,20.25,27.25,47.5,-7,7,5100,27.7,5.431372549
WR,45,32,13,13,84,13,70,23.5,27.5,51,-4,4,7200,39,5.416666667
RB,34,43.33333333,41.5,38,6,45,47,22,23,45,-1,1,4600,24.9,5.413043478
WR,46,60.66666667,58.5,48,2,69,65,30.25,17.75,48,12.5,12.5,3000,16.2,5.4
WR,37.75,48.33333333,24,12,6,36,97,19.5,22,41.5,-2.5,2.5,6200,33.4,5.387096774
QB,20.37369338,26.09262485,27.34364111,22,3,29,22,20.5,24,44.5,-3.5,3.5,5800,31.2,5.379310345
WR,49.5,38.66666667,47,55,82,39,22,18.5,28,46.5,-9.5,9.5,6400,34.4,5.375
QB,10.37176724,8.643139368,8.519665948,14,21,9,12,29,17.5,46.5,11.5,11.5,6300,33.62,5.336507937
QB,12.83533654,9.862179487,10.44230769,15,25,9,10,26,20,46,6,6,6900,36.72,5.32173913
WR,52.75,43,23,25,82,21,83,29,19.5,48.5,9.5,9.5,6100,32.4,5.31147541
QB,15.64529221,12.51623377,10.01298701,15,30,9,21,27.5,24.5,52,3,3,6400,33.94,5.303125
QB,20.48901099,21.62728938,25.61126374,21,15,24,12,19.75,23.25,43,-3.5,3.5,5300,28.04,5.290566038
WR,53.25,45.33333333,61.5,68,77,55,13,18.5,23,41.5,-4.5,4.5,4200,22.2,5.285714286
RB,30.25,28.66666667,17,16,35,18,52,18.25,24.75,43,-6.5,6.5,5800,30.6,5.275862069
WR,52,60,49.5,41,28,58,81,23.5,22.5,46,1,1,4600,24.2,5.260869565
WR,72.75,69.33333333,83.5,86,83,81,41,19.75,17.25,37,2.5,2.5,4600,24.2,5.260869565
RB,40.5,40.33333333,50,54,41,46,21,24.75,21.75,46.5,3,3,3500,18.4,5.257142857
TE,24.25,25.66666667,32,32,20,32,13,17.25,27.75,45,-10.5,10.5,3600,18.9,5.25
TE,22.75,28,30.5,30,7,31,23,23,28,51,-5,5,3300,17.3,5.242424242
WR,41.5,26.33333333,12,15,87,9,55,24.25,19.25,43.5,5,5,6700,35,5.223880597
TE,16.25,17.33333333,12.5,11,13,14,27,21.5,25,46.5,-3.5,3.5,3200,16.7,5.21875
RB,31,18.66666667,7.5,8,68,7,41,24,25.5,49.5,-1.5,1.5,8800,45.9,5.215909091
RB,21.5,20.66666667,8.5,6,24,11,45,26.5,17,43.5,9.5,9.5,8100,42.1,5.197530864
RB,30,35.33333333,17.5,12,14,23,71,23,20,43,3,3,5400,28,5.185185185
RB,24.5,10.33333333,10.5,15,67,6,10,22.75,26.75,49.5,-4,4,5000,25.9,5.18
QB,19.70360481,19.28437917,23.47663551,28,25,28,13,26.75,17.25,44,9.5,9.5,6700,34.66,5.173134328
WR,57,66.66666667,66,61,28,71,68,20,26,46,-6,6,4100,21.2,5.170731707
QB,14.53703704,15.78306878,11.21428571,13,13,14,30,27,19.5,46.5,7.5,7.5,6700,34.56,5.158208955
QB,33.81986607,31.95922619,42.02857143,35,30,29,9,17.5,27,44.5,-9.5,9.5,5000,25.72,5.144
WR,60,62.33333333,87,87,53,87,13,21.5,20.5,42,1,1,3000,15.4,5.133333333
QB,11.32989691,11.40697104,9.248895434,12,12,8,17,24.25,17.25,41.5,7,7,6600,33.84,5.127272727
WR,50,48,41,39,56,43,62,22.75,17.75,40.5,5,5,5600,28.7,5.125
RB,20.25,25.33333333,7,1,5,13,62,27.5,14,41.5,13.5,13.5,6700,34.2,5.104477612
WR,68.25,70.33333333,86,88,62,84,39,24.25,17.25,41.5,7,7,4300,21.9,5.093023256
RB,37,29,43,52,61,34,1,20.5,19,39.5,1.5,1.5,4000,20.3,5.075
RB,34.25,34,26,23,35,29,50,19.25,25.25,44.5,-6,6,5600,28.4,5.071428571
WR,35.25,27,17,20,60,14,47,30.25,17.75,48,12.5,12.5,7500,38,5.066666667
TE,15.75,9,8.5,11,36,6,10,21.25,26.75,48,-5.5,5.5,5200,26.3,5.057692308
QB,11.6640625,9.753001412,7.117055085,12,22,6,19,29.5,16.5,46,13,13,6700,33.88,5.056716418
RB,27,16.33333333,17.5,22,59,13,14,18.75,23.25,42,-4.5,4.5,7300,36.9,5.054794521
WR,31,33.33333333,25.5,28,24,23,49,27.5,21.5,49,6,6,6400,32.3,5.046875
WR,51.5,48.33333333,36,36,61,36,73,22.5,19.5,42,3,3,4900,24.7,5.040816327
RB,32.25,32.33333333,10.5,9,32,12,76,23.75,16.75,40.5,7,7,5100,25.7,5.039215686
WR,49.5,46.66666667,30.5,29,58,32,79,20.25,24.25,44.5,-4,4,5000,25.1,5.02
QB,16.25762649,21.06622024,16.48660714,14,2,22,33,17.5,28.5,46,-11,11,5000,25.06,5.012
WR,39,47.66666667,21,11,13,31,101,21.5,24.5,46,-3,3,4400,22,5
RB,44.5,41.66666667,48.5,49,53,48,28,25.5,29,54.5,-3.5,3.5,4000,20,5
WR,54.25,67.33333333,54.5,42,15,67,93,22.75,19.75,42.5,3,3,4700,23.5,5
WR,61,49,71.5,83,97,60,4,17.25,24.25,41.5,-7,7,2700,13.5,5
TE,21.25,20,29.5,30,25,29,1,20.25,23.25,43.5,-3,3,6900,34.5,5
TE,20,20.33333333,14.5,13,19,16,32,22,27,49,-5,5,3600,17.8,4.944444444
QB,15.82085866,20.4647923,15.11246201,13,2,19,33,19.5,23,42.5,-3.5,3.5,4800,23.72,4.941666667
WR,36.25,39.66666667,14.5,10,26,19,90,24.25,26.75,51,-2.5,2.5,6000,29.6,4.933333333
QB,17.77747253,16.13141026,18.76510989,22,23,16,11,22.75,19.25,42,3.5,3.5,5600,27.56,4.921428571
RB,29.75,17,17,23,68,11,17,17.25,19.75,37,-2.5,2.5,6000,29.5,4.916666667
TE,21,22.33333333,16,13,17,19,35,24.75,15.25,40,9.5,9.5,3600,17.7,4.916666667
QB,16.17418981,12.48533951,14.47164352,22,32,12,10,27,17,44,10,10,5700,28.02,4.915789474
RB,29.25,36,16.5,10,9,23,75,19.5,25,44.5,-5.5,5.5,5900,28.9,4.898305085
QB,16.6722973,12.7027027,16.6722973,28,36,14,6,27.75,17.25,45,10.5,10.5,5800,28.4,4.896551724
QB,10.48414409,8.176313629,5.538793103,10,22,4,17,29,18,47,11,11,6900,33.64,4.875362319
QB,14.39471947,16.49394939,11.24587459,12,9,13,30,25.25,21.75,47,3.5,3.5,6000,29.22,4.87
TE,14.75,18.33333333,7.5,4,4,11,40,28,18.5,46.5,9.5,9.5,4500,21.9,4.866666667
TE,16.25,16.33333333,7.5,5,16,10,34,23,22,45,1,1,4200,20.4,4.857142857
RB,35.25,35.66666667,39,43,34,35,29,32,11,43,21,21,3900,18.9,4.846153846
RB,33.75,25.33333333,18.5,22,59,15,39,25,21.5,46.5,3.5,3.5,6000,29,4.833333333
QB,37.82428571,38.88761905,46.48285714,27,19,24,13,22.75,19.75,42.5,3,3,4800,23.18,4.829166667
WR,59.5,56.33333333,76,78,69,74,17,19.5,20.5,40,-1,1,5000,24.1,4.82
RB,36.25,28.66666667,24,27,59,21,38,22.5,23.5,46,-1,1,6000,28.9,4.816666667
WR,41,45,33,28,29,38,69,25.25,22.25,47.5,3,3,6500,31.3,4.815384615
TE,25,28.33333333,35.5,36,15,35,14,29,19.5,48.5,9.5,9.5,3200,15.4,4.8125
QB,,,,9,2,20,36,12.5,29.5,42,-17,17,4500,21.58,4.795555556
WR,60.25,73,58.5,45,22,72,102,21.25,24.75,46,-3.5,3.5,4200,20.1,4.785714286
TE,13.75,18,6.5,1,1,12,41,25.75,18.75,44.5,7,7,2700,12.9,4.777777778
TE,18.5,22.33333333,27,27,7,27,13,26.75,23.25,50,3.5,3.5,3500,16.7,4.771428571
RB,57.5,73.66666667,74,73,9,75,73,22.25,25.25,47.5,-3,3,3700,17.6,4.756756757
QB,10.69205729,4.406423611,2.721614583,6,38,1,10,30,23,53,7,7,7500,35.62,4.749333333
TE,13.25,8.666666667,3,3,27,3,20,30,20,50,10,10,6200,29.4,4.741935484
WR,63.25,65.66666667,92,95,56,89,13,23.5,27.5,51,-4,4,3000,14.2,4.733333333
QB,20.48112624,16.68832508,21.39139851,27,35,20,8,25.25,19.25,44.5,6,6,5900,27.92,4.73220339
QB,16.7155878,13.43353175,13.73883929,18,29,12,14,24,27.5,51.5,-3.5,3.5,6200,29.32,4.729032258
TE,28.5,33.33333333,36.5,36,14,37,27,27.25,16.75,44,10.5,10.5,2500,11.8,4.72
RB,23,23.66666667,9.5,7,21,12,52,23.25,18.75,42,4.5,4.5,6900,32.5,4.710144928
QB,10.52295918,12.86139456,8.33067602,7,4,12,25,14,31,45,-17,17,5800,27.3,4.706896552
QB,10.97247706,4.782874618,3.376146789,7,35,1,9,27.25,21.25,48.5,6,6,7000,32.84,4.691428571
QB,11.02328431,8.698646125,1.349789916,1,20,2,26,25.5,29,54.5,-3.5,3.5,6700,31.4,4.686567164
QB,24.03263158,25.13216374,31.10105263,33,22,33,14,23.75,28.25,52,-4.5,4.5,5000,23.4,4.68
TE,12.75,11.33333333,6,5,17,7,22,26.25,22.75,49,3.5,3.5,5000,23.4,4.68
QB,25.93108974,30.25293803,33.59254808,25,11,32,20,19.5,25,44.5,-5.5,5.5,5200,24.32,4.676923077
WR,33.25,30,2,2,43,2,86,27.25,21.25,48.5,6,6,7700,36,4.675324675
QB,17.16149749,14.14055973,20.82518797,34,34,20,1,28.5,17.5,46,11,11,5900,27.58,4.674576271
WR,58.25,60.66666667,74,75,51,73,34,26.5,21,47.5,5.5,5.5,5200,24.3,4.673076923
RB,29.75,24,19,19,47,19,34,20.25,23.25,43.5,-3,3,7200,33.6,4.666666667
QB,11.73913043,8.47826087,2.934782609,4,22,2,20,23,26,49,-3,3,6400,29.84,4.6625
QB,12.58928571,14.6875,8.093112245,5,7,13,31,24.5,22.5,47,2,2,6000,27.96,4.66
RB,53.5,48.33333333,63.5,71,69,56,18,23,21.5,44.5,1.5,1.5,3500,16.3,4.657142857
RB,37.75,46.33333333,54.5,53,12,56,30,18.75,26.25,45,-7.5,7.5,4000,18.6,4.65
QB,35.01492537,32.95522388,48.05970149,35,30,35,2,15.5,22.5,38,-7,7,4100,19.06,4.648780488
QB,18.87096774,17.74193548,14.03225806,15,23,14,26,23.25,24.75,48,-1.5,1.5,5700,26.46,4.642105263
RB,25.25,7.666666667,6,10,78,2,11,19.75,24.25,44,-4.5,4.5,8000,37.1,4.6375
QB,26.2193159,33.27431254,35.38028169,23,4,33,23,17.75,19.75,37.5,-2,2,5700,26.42,4.635087719
QB,27.66144814,35.20547945,38.97749511,29,4,33,22,18.25,25.25,43.5,-7,7,5100,23.62,4.631372549
QB,8.67605198,6.228960396,2.224628713,2,18,3,16,25.25,17.25,42.5,8,8,6500,30.08,4.627692308
TE,13,12.33333333,8.5,9,15,8,20,29.25,19.25,48.5,10,10,5900,27.3,4.627118644
RB,34.5,33,15,12,39,18,69,27.5,24.5,52,3,3,5800,26.8,4.620689655
WR,38.5,37,25.5,25,43,26,60,15.5,21.5,37,-6,6,5000,23.1,4.62
TE,26.5,29.33333333,37,37,18,37,14,25.5,24,49.5,1.5,1.5,2600,12,4.615384615
WR,53.75,42.66666667,51.5,60,87,43,25,22,27,49,-5,5,5200,24,4.615384615
RB,36.75,44.33333333,45.5,41,14,50,42,25.5,19,44.5,6.5,6.5,3000,13.8,4.6
RB,34,27.66666667,21.5,22,53,21,40,28.25,23.75,52,4.5,4.5,5000,23,4.6
WR,43.5,33,20,23,75,17,59,29,19.5,48.5,9.5,9.5,6500,29.9,4.6
RB,23.75,17.33333333,16.5,19,43,14,19,19.75,22.75,42.5,-3,3,6200,28.5,4.596774194
QB,11.7420765,13.69908925,7.705737705,6,8,15,35,30.5,18,48.5,12.5,12.5,6300,28.92,4.59047619
QB,8.440366972,6.752293578,2.110091743,3,16,2,19,27.25,16.75,44,10.5,10.5,7300,33.42,4.578082192
QB,27.23039216,28.39869281,32.89215686,30,22,31,18,21.25,24.75,46,-3.5,3.5,5100,23.28,4.564705882
QB,12.8860119,15.70019841,9.33125,9,5,12,32,26.25,20.25,46.5,6,6,6300,28.66,4.549206349
QB,15.46166424,11.21196705,10.8502907,16,26,4,11,21.5,25.5,47,-4,4,6200,28.2,4.548387097
QB,11.77509014,12.11939103,9.089543269,11,13,11,22,26,19,45,7,7,6200,28.16,4.541935484
WR,51.25,60.66666667,80.5,80,23,81,21,22,23,45,-1,1,3700,16.8,4.540540541
WR,59.5,52.66666667,73,90,80,56,12,16.5,29.5,46,-13,13,4500,20.4,4.533333333
TE,18.75,13.66666667,1.5,1,34,2,38,22,24,46,-2,2,6000,27.1,4.516666667
WR,45.75,59.66666667,46.5,35,4,58,86,23.25,26.75,50,-3.5,3.5,4100,18.5,4.512195122
RB,23,15.66666667,10,11,45,9,27,23.5,22.5,46,1,1,7300,32.9,4.506849315
TE,21.5,26.33333333,22,18,7,26,35,19.5,29,48.5,-9.5,9.5,2800,12.6,4.5
WR,50,51.66666667,37,33,45,41,81,20.5,16.5,37,4,4,5500,24.7,4.490909091
RB,46.75,57,59.5,55,16,64,52,27.75,23.25,51,4.5,4.5,4500,20.2,4.488888889
QB,16.88924242,18.72060606,16.68575758,18,14,23,28,27.5,21.5,49,6,6,6100,27.38,4.48852459
WR,35.5,40.66666667,33,32,20,34,56,29.5,15.5,45,14,14,3700,16.6,4.486486486
RB,29.25,32,36,38,21,34,24,26.25,15.75,42,10.5,10.5,3100,13.9,4.483870968
TE,19.25,24,25.5,25,5,26,21,24.75,21.75,46.5,3,3,2900,13,4.482758621
TE,14.25,13.66666667,12,11,16,13,17,27.25,16.75,44,10.5,10.5,5200,23.3,4.480769231
QB,21.08197674,18.04547804,18.21899225,19,29,16,17,21.5,23.5,45,-2,2,5900,26.34,4.46440678
WR,62.75,63.33333333,68,65,61,71,54,20.25,16.75,37,3.5,3.5,4400,19.6,4.454545455
WR,67.75,82.33333333,87,79,24,95,73,26,20.5,46.5,5.5,5.5,3100,13.8,4.451612903
WR,49,31.66666667,38.5,54,101,23,18,28.75,13.75,42.5,15,15,6300,28,4.444444444
QB,23.39912281,22.83625731,24.60526316,25,26,26,20,23.75,30.75,54.5,-7,7,5500,24.44,4.443636364
QB,15.22250859,18.11088202,14.05154639,15,7,15,28,24.25,19.25,43.5,5,5,5300,23.54,4.441509434
WR,68.25,90.66666667,79.5,57,1,102,113,24.75,23.25,48,1.5,1.5,3000,13.3,4.433333333
WR,63.75,50,68,82,105,54,14,24.75,21.25,46,3.5,3.5,4100,18.1,4.414634146
RB,37,29,25,30,61,20,37,27,17.5,44.5,9.5,9.5,5700,25.1,4.403508772
QB,11.45833333,12.64367816,5.136494253,4,10,9,35,29,19.5,48.5,9.5,9.5,6300,27.68,4.393650794
QB,24.2278481,19.61301989,24.80470163,25,33,18,8,19.75,22.75,42.5,-3,3,5500,24.16,4.392727273
QB,17.84867452,20.74717722,17.84867452,17,10,22,29,24.25,26.75,51,-2.5,2.5,6800,29.84,4.388235294
QB,11.98313492,8.838624339,5.609126984,8,21,3,15,22.5,23.5,46,-1,1,6600,28.9,4.378787879
RB,27.25,28.33333333,16,14,24,18,53,19.75,23.25,43,-3.5,3.5,5700,24.9,4.368421053
WR,58,63,86,86,43,86,17,26.75,17.25,44,9.5,9.5,3000,13.1,4.366666667
TE,14.5,8,8,11,34,5,8,24.25,22.75,47,1.5,1.5,3900,17,4.358974359
RB,24,14,6,7,54,5,30,24.25,24.25,48.5,0,0,7800,34,4.358974359
WR,51.25,45.66666667,17.5,13,68,22,102,19.25,25.25,44.5,-6,6,6600,28.7,4.348484848
WR,34.25,34.66666667,28,32,33,24,48,22.75,23.75,46.5,-1,1,6600,28.7,4.348484848
QB,8.890604891,4.849420849,2.828828829,5,26,2,11,27.75,23.25,51,4.5,4.5,7700,33.48,4.348051948
WR,59.5,50.66666667,72.5,83,86,62,7,12.5,29.5,42,-17,17,3800,16.5,4.342105263
TE,16.75,12,2,2,31,2,32,26.25,16.75,43,9.5,9.5,6500,28.2,4.338461538
QB,11.45625,12.925,4.40625,2,8,8,34,25,18.5,43.5,6.5,6.5,6500,28.12,4.326153846
RB,20.5,8.333333333,7.5,11,57,4,10,25,21.5,46.5,3.5,3.5,7700,33.3,4.324675325
WR,56.25,57.33333333,82.5,85,53,80,7,24.75,21.75,46.5,3,3,3700,16,4.324324324
WR,46,45.33333333,40,39,48,41,56,23.25,17.25,40.5,6,6,6500,28.1,4.323076923
RB,33.25,24.33333333,15.5,18,60,13,42,20,23,43,-3,3,7200,31.1,4.319444444
RB,36.25,33,43.5,46,46,41,12,23.25,26.75,50,-3.5,3.5,4500,19.4,4.311111111
WR,56.5,57.66666667,81,83,53,79,11,17.5,28.5,46,-11,11,3300,14.2,4.303030303
RB,29,23.66666667,22,24,45,20,27,24,16,40,8,8,5300,22.8,4.301886792
QB,17.18565217,15.01275362,16.98811594,21,30,22,14,28.75,13.75,42.5,15,15,6500,27.92,4.295384615
WR,45,42.66666667,49.5,53,52,46,29,21.5,17,38.5,4.5,4.5,4600,19.7,4.282608696
WR,43.75,46.66666667,32.5,29,35,36,75,25,21.5,46.5,3.5,3.5,5400,23.1,4.277777778
RB,32.75,32,19.5,18,35,21,57,16.75,27.25,44,-10.5,10.5,4700,20.1,4.276595745
WR,58,67.66666667,67.5,61,29,74,68,27.5,21.5,49,6,6,4100,17.5,4.268292683
QB,14.4992785,16.61375661,14.04617605,15,9,16,24,24.75,15.25,40,9.5,9.5,6300,26.86,4.263492063
WR,68.75,91.33333333,92,86,1,98,90,17.75,30.25,48,-12.5,12.5,3700,15.7,4.243243243
QB,28.37323944,25.22065728,33.41737089,31,30,22,7,17.75,30.25,48,-12.5,12.5,5000,21.16,4.232
RB,37.5,37.66666667,31,29,37,33,51,17,27,44,-10,10,3500,14.8,4.228571429
QB,7.363514957,3.10042735,3.10042735,7,26,1,4,29.25,19.25,48.5,10,10,8000,33.82,4.2275
WR,60.25,53.66666667,67,70,80,64,27,24.25,19.75,44,4.5,4.5,4900,20.7,4.224489796
TE,14.25,16,8.5,6,9,11,31,26.75,20.25,47,6.5,6.5,5500,23.2,4.218181818
QB,12.25833333,5.545436508,2.188988095,4,37,1,14,26.25,22.75,49,3.5,3.5,7200,30.32,4.211111111
WR,53.5,56.33333333,55,49,45,61,59,23,19.5,42.5,3.5,3.5,5300,22.3,4.20754717
WR,30.75,20.33333333,19,25,62,13,23,27.25,21.25,48.5,6,6,6900,29,4.202898551
WR,63.25,54.33333333,76,87,90,65,11,29.25,14.75,44,14.5,14.5,3000,12.6,4.2
QB,25.56166888,23.82446809,31.76595745,34,31,30,8,23.5,22.5,46,1,1,5400,22.64,4.192592593
QB,13.69259511,13.18546196,7.606997283,7,15,8,24,23,21.5,44.5,1.5,1.5,5300,22.22,4.19245283
WR,54.75,46.33333333,54.5,62,80,47,30,23.25,19.75,43,3.5,3.5,4800,20.1,4.1875
WR,36.25,46.33333333,27.5,18,6,37,84,22.75,20.25,43,2.5,2.5,4800,20.1,4.1875
RB,30.75,18,15.5,19,69,12,23,18.5,21.5,40,-3,3,6400,26.7,4.171875
TE,24.25,31.66666667,31.5,29,2,34,32,25.5,29,54.5,-3.5,3.5,3100,12.9,4.161290323
WR,46.5,56.66666667,51.5,46,16,57,67,22,23.5,45.5,-1.5,1.5,3800,15.8,4.157894737
WR,43.75,44.66666667,29.5,27,41,32,75,23.25,20.25,43.5,3,3,5900,24.5,4.152542373
WR,57.75,59.33333333,84.5,87,53,82,9,24.75,21.75,46.5,3,3,3300,13.7,4.151515152
TE,15.5,19.66666667,9.5,4,3,15,40,24.5,21.5,46,3,3,3400,14.1,4.147058824
WR,66.25,59,73.5,78,88,69,30,14.75,29.25,44,-14.5,14.5,4100,17,4.146341463
QB,24.78791667,26.60166667,30.83375,23,16,28,15,18.75,26.25,45,-7.5,7.5,5300,21.94,4.139622642
WR,74.25,98.33333333,97.5,84,2,111,100,23,21.5,44.5,1.5,1.5,3000,12.4,4.133333333
RB,34.75,43,29.5,22,10,37,70,23.5,18.5,42,5,5,4500,18.6,4.133333333
WR,48.5,57,56.5,51,23,62,58,27,19.5,46.5,7.5,7.5,6500,26.8,4.123076923
QB,22.06503378,24.77477477,27.29096284,21,12,26,17,18.5,22.5,41,-4,4,5500,22.64,4.116363636
WR,52,49.33333333,55.5,57,60,54,37,20.25,23.25,43.5,-3,3,3500,14.4,4.114285714
RB,26.5,25.66666667,30.5,34,29,27,16,16.25,22.75,39,-6.5,6.5,4400,18.1,4.113636364
WR,69.5,85.33333333,69.5,45,22,94,117,18,25,43,-7,7,4500,18.5,4.111111111
RB,53,51.33333333,72.5,76,58,69,9,19,21.5,40.5,-2.5,2.5,3700,15.2,4.108108108
QB,16.54569892,21.74577573,15.60023041,6,1,27,36,23.25,17.25,40.5,6,6,5100,20.92,4.101960784
TE,15.5,10,5,6,32,4,20,23.75,26.75,50.5,-3,3,5200,21.3,4.096153846
RB,36.5,46,36.5,26,8,47,65,23,20,43,3,3,3200,13.1,4.09375
QB,22.66313933,15.48647854,20.3968254,25,39,11,5,20.25,23.75,44,-3.5,3.5,6000,24.54,4.09
WR,41.75,52.33333333,51.5,47,10,56,54,24.5,23.5,48,1,1,6700,27.4,4.089552239
QB,23.19053951,19.85435664,27.82864742,35,34,22,4,23.5,22.5,46,1,1,5500,22.46,4.083636364
WR,50.25,33,6.5,6,102,7,86,23.25,24.75,48,-1.5,1.5,7300,29.8,4.082191781
TE,28,24.33333333,35.5,40,39,31,2,17.5,27,44.5,-9.5,9.5,2600,10.6,4.076923077
RB,30,30.33333333,32.5,34,29,31,26,14,24.5,38.5,-10.5,10.5,3900,15.9,4.076923077
RB,33.25,40.66666667,52.5,52,11,53,17,18.5,22.5,41,-4,4,5200,21.2,4.076923077
QB,19.90384615,16.44230769,19.03846154,25,35,19,13,26,23,49,3,3,5800,23.62,4.072413793
WR,40.5,51.66666667,29,16,7,42,97,22.75,24.25,47,-1.5,1.5,4300,17.5,4.069767442
WR,49.5,43.66666667,38.5,41,67,36,54,20.25,23.75,44,-3.5,3.5,5800,23.6,4.068965517
QB,10.95132743,4.778761062,1.592920354,3,37,1,14,28.25,23.75,52,4.5,4.5,7600,30.86,4.060526316
RB,24.25,15.33333333,1,1,51,1,44,23.25,19.75,43,3.5,3.5,10000,40.6,4.06
TE,21.5,26.66666667,27.5,26,6,29,25,29,26,55,3,3,3700,15,4.054054054
RB,35,39.33333333,33.5,31,22,36,51,13.25,23.75,37,-10.5,10.5,4200,17,4.047619048
QB,17.55712366,15.09296595,21.71538978,27,27,20,2,23.25,20.25,43.5,3,3,5700,23.06,4.045614035
QB,22.7240767,26.89441288,28.0859375,24,10,31,24,22,25,47,-3,3,5000,20.22,4.044
WR,33.25,38.66666667,11.5,6,17,17,93,23,27,50,-4,4,4900,19.8,4.040816327
TE,25.25,21.33333333,31.5,35,37,28,1,20.25,22.75,43,-2.5,2.5,2500,10.1,4.04
WR,41.25,42.66666667,40,42,37,38,48,19,18,37,1,1,5100,20.6,4.039215686
QB,15.62820513,15.72649573,12.97435897,12,13,10,18,19.5,22.5,42,-3,3,6300,25.44,4.038095238
QB,12.17857143,12.57142857,6.285714286,7,14,9,32,29,26,55,3,3,6200,25.02,4.035483871
WR,47,42.33333333,50,55,61,45,27,17,21.5,38.5,-4.5,4.5,5800,23.4,4.034482759
TE,17.5,21.66666667,25.5,24,5,27,14,22.75,26.25,49,-3.5,3.5,3800,15.3,4.026315789
WR,38,22.33333333,4,4,85,4,59,23,22,45,1,1,8300,33.4,4.024096386
WR,48.25,44.33333333,44.5,51,60,38,44,25.75,18.75,44.5,7,7,4200,16.9,4.023809524
WR,32.25,34.33333333,24,26,26,22,55,23.75,30.75,54.5,-7,7,5900,23.7,4.016949153
WR,49.5,45.66666667,10.5,5,61,16,116,25.25,19.25,44.5,6,6,7300,29.3,4.01369863
QB,11.18734056,13.6079932,6.67315051,3,5,14,35,28,18.5,46.5,9.5,9.5,6600,26.44,4.006060606
WR,50.5,43,21,20,73,22,87,16.5,29.5,46,-13,13,4600,18.4,4
TE,21,22.33333333,24.5,24,17,25,18,19.25,20.25,39.5,-1,1,2800,11.2,4
TE,14,17.33333333,14.5,12,4,17,23,26,19,45,7,7,5600,22.4,4
WR,34.25,30.33333333,2,2,46,2,87,20.25,25.75,46,-5.5,5.5,7400,29.5,3.986486486
WR,46.25,30,32.5,44,95,21,25,26.25,16.75,43,9.5,9.5,6900,27.5,3.985507246
RB,23.75,19.66666667,19,24,36,14,21,23.75,22.75,46.5,1,1,6100,24.3,3.983606557
QB,18.18218085,15.42730496,15.58472644,18,28,15,16,23.5,27.5,51,-4,4,6100,24.2,3.967213115
RB,27.25,19,21,25,52,17,15,27.25,21.25,48.5,6,6,7500,29.7,3.96
QB,29.41952984,27.30440024,34.61121157,33,31,27,11,19.75,24.25,44,-4.5,4.5,5400,21.34,3.951851852
RB,46,45.66666667,66.5,68,47,65,4,23.5,27.5,51,-4,4,4100,16.2,3.951219512
WR,55.5,62,60,55,36,65,66,18.25,25.25,43.5,-7,7,4000,15.8,3.95
WR,39.5,31,5,3,65,7,83,25.25,17.25,42.5,8,8,7400,29.2,3.945945946
TE,21,22,26,27,18,25,14,20.5,24.5,45,-4,4,3200,12.6,3.9375
RB,41.25,44.66666667,34,31,31,37,66,19.25,20.25,39.5,-1,1,4600,18.1,3.934782609
QB,19.45121951,25.56445993,17.228223,2,1,29,38,20.5,16.5,37,4,4,5100,20.04,3.929411765
TE,18.75,13.33333333,16.5,21,35,12,7,26.5,21,47.5,5.5,5.5,4200,16.5,3.928571429
WR,60.25,58.66666667,67.5,68,65,67,41,19.25,25.25,44.5,-6,6,4900,19.2,3.918367347
WR,59.5,51.33333333,73.5,79,84,68,7,23.25,17.25,40.5,6,6,3500,13.7,3.914285714
QB,9.11179941,6.866863324,1.584660767,2,20,2,22,28.25,23.75,52,4.5,4.5,7100,27.76,3.909859155
QB,24.74242424,26.02020202,31.36363636,21,15,24,11,21.25,27.25,48.5,-6,6,5100,19.94,3.909803922
RB,35,41.66666667,40.5,40,15,41,44,17,26.5,43.5,-9.5,9.5,4300,16.7,3.88372093
WR,45.75,45.66666667,37.5,36,46,39,62,23.5,22.5,46,1,1,6500,25.2,3.876923077
WR,37,47.66666667,27.5,18,5,37,88,20.5,24,44.5,-3.5,3.5,4800,18.6,3.875
RB,36.5,47,33,17,5,49,75,28.75,13.75,42.5,15,15,5500,21.3,3.872727273
QB,11.39285714,9.451851852,3.038095238,3,17,3,22,22.5,25.5,48,-3,3,6800,26.32,3.870588235
QB,18.55670103,12.98969072,15.30927835,23,38,10,9,24.25,20.25,44.5,4,4,5600,21.66,3.867857143
QB,17.12222222,22.48888889,15.33333333,4,1,26,36,22.5,15.5,38,7,7,5100,19.72,3.866666667
RB,23.75,18.33333333,3.5,3,40,4,48,26.25,22.75,49,3.5,3.5,7500,29,3.866666667
RB,32.75,21.33333333,13,15,67,11,38,22.75,20.25,43,2.5,2.5,8000,30.9,3.8625
QB,17.63917151,21.02446705,11.75944767,9,7,13,37,21.5,25,46.5,-3.5,3.5,6100,23.56,3.862295082
QB,13.57905784,12.76663557,11.83815299,18,23,16,21,33.5,15,48.5,18.5,18.5,6400,24.66,3.853125
RB,28.25,17.66666667,3,2,60,4,47,21,26.5,47.5,-5.5,5.5,8800,33.9,3.852272727
TE,21.25,25,29.5,29,10,30,16,17,26.5,43.5,-9.5,9.5,2700,10.4,3.851851852
RB,33.25,33,20.5,18,34,23,58,17.75,30.25,48,-12.5,12.5,4600,17.7,3.847826087
WR,34,32.66666667,11,8,38,14,76,22.75,20.25,43,2.5,2.5,6300,24.2,3.841269841
RB,52.5,45.33333333,65,74,74,56,6,24.75,18.75,43.5,6,6,4400,16.9,3.840909091
TE,19.25,23.66666667,28,28,6,28,15,25,22,47,3,3,3100,11.9,3.838709677
QB,9.250764526,8.129459735,3.363914373,5,15,3,21,27.25,20.25,47.5,7,7,6900,26.48,3.837681159
WR,50.75,55,49.5,46,38,53,66,20.25,23.25,43.5,-3,3,5000,19.1,3.82
WR,53.25,45.33333333,62,75,77,49,12,23.25,19.75,43,3.5,3.5,4300,16.4,3.813953488
QB,28.72527778,30.34185185,35.81333333,23,16,25,13,23.5,21.5,45,2,2,5100,19.42,3.807843137
QB,11.28415978,11.34582185,5.549586777,7,15,8,31,30.25,17.75,48,12.5,12.5,6800,25.88,3.805882353
WR,41.75,30.33333333,14.5,14,76,15,62,18,27.5,45.5,-9.5,9.5,6100,23.2,3.803278689
WR,66,79.66666667,86,82,25,90,67,24.25,19.75,44,4.5,4.5,3500,13.3,3.8
WR,50.5,47.66666667,37,37,59,37,69,21.5,17.5,39,4,4,4500,17.1,3.8
WR,55,48,60,64,76,56,24,21.75,24.75,46.5,-3,3,5000,19,3.8
RB,27.5,20,7,8,50,6,46,29,17.5,46.5,11.5,11.5,8000,30.4,3.8
WR,58,66,61,55,34,67,76,22.5,23.5,46,-1,1,4400,16.7,3.795454545
WR,44.5,32,6,5,82,7,84,30.5,18,48.5,12.5,12.5,8000,30.3,3.7875
WR,53.75,45.33333333,61,73,79,49,14,18,30.5,48.5,-12.5,12.5,4700,17.8,3.787234043
QB,18.29208097,14.08404356,20.61079545,27,30,13,1,22,24.5,46.5,-2.5,2.5,5800,21.96,3.786206897
WR,38,32.33333333,13,11,55,15,71,24.75,15.25,40,9.5,9.5,6900,26.1,3.782608696
QB,16.06125356,12.27445394,15.27777778,23,35,16,8,29.25,14.75,44,14.5,14.5,6200,23.4,3.774193548
RB,35.5,29.33333333,24,28,54,20,40,27.25,21.75,49,5.5,5.5,5700,21.5,3.771929825
QB,32.79104167,35.14055556,38.61375,28,21,35,23,18.75,25.75,44.5,-7,7,5000,18.84,3.768
QB,35.55952381,41.42857143,44.19047619,29,13,35,26,16.5,20.5,37,-4,4,5300,19.94,3.762264151
WR,46,46.66666667,52,56,44,48,36,22.75,26.75,49.5,-4,4,4600,17.3,3.760869565
QB,9.26547619,4.596825397,3.447619048,6,27,2,8,26.25,16.75,43,9.5,9.5,7100,26.7,3.76056338
WR,67.75,62.66666667,87,89,83,85,14,21.5,15.5,37,6,6,5000,18.8,3.76
WR,43.75,30.66666667,4.5,4,83,5,83,32.75,18.75,51.5,14,14,8300,31.2,3.759036145
QB,10.47029703,4.944306931,4.362623762,9,31,1,7,25.25,19.75,45,5.5,5.5,7000,26.3,3.757142857
WR,47.75,44.33333333,24.5,21,58,28,84,19.75,17.25,37,2.5,2.5,4900,18.4,3.755102041
RB,16.75,3,2,3,58,1,5,21.25,27.25,48.5,-6,6,10000,37.5,3.75
WR,51.25,41.66666667,35,38,80,32,55,27,17,44,10,10,5900,22.1,3.745762712
QB,24.13580247,29.90946502,35.20987654,29,6,33,17,20.25,23.25,43.5,-3,3,5800,21.7,3.74137931
TE,15.75,19.66666667,9.5,5,4,14,40,19.75,22.75,42.5,-3,3,3400,12.7,3.735294118
TE,21,18.33333333,17,18,29,16,21,19,20.5,39.5,-1.5,1.5,3000,11.2,3.733333333
WR,52.25,44,62,76,77,48,8,21.25,27.25,48.5,-6,6,4400,16.4,3.727272727
TE,19.25,16.33333333,15.5,16,28,15,18,27.5,16.5,44,11,11,3600,13.4,3.722222222
WR,39.75,25.66666667,3,3,82,3,71,26.25,22.75,49,3.5,3.5,9300,34.6,3.720430108
WR,44.25,40.33333333,47.5,55,56,40,26,21.75,23.25,45,-1.5,1.5,4600,17.1,3.717391304
RB,26.25,11,2.5,3,72,2,28,29,19.5,48.5,9.5,9.5,7000,26,3.714285714
RB,26.25,13.66666667,8.5,10,64,7,24,24.5,27.5,52,-3,3,7600,28.2,3.710526316
TE,20,20.33333333,22,23,19,21,17,25,19.5,44.5,5.5,5.5,3700,13.7,3.702702703
WR,38.25,22.33333333,12.5,15,86,10,42,27.75,20.25,48,7.5,7.5,8000,29.6,3.7
WR,46,36,43.5,48,76,39,21,22,23.5,45.5,-1.5,1.5,6800,25.1,3.691176471
RB,23.75,26.33333333,6.5,2,16,11,66,27,22,49,5,5,7400,27.3,3.689189189
QB,15.48816748,13.08859223,9.598300971,12,26,10,23,25.75,22.25,48,3.5,3.5,6600,24.32,3.684848485
TE,17,13.66666667,1.5,1,27,2,38,20.5,24.5,45,-4,4,5000,18.4,3.68
WR,71.25,83.33333333,108,107,35,109,34,21.5,23,44.5,-1.5,1.5,3300,12.1,3.666666667
WR,39.75,30.33333333,2.5,3,68,2,86,22.75,24.25,47,-1.5,1.5,7800,28.6,3.666666667
WR,45.5,31.66666667,9,9,87,9,77,21.25,28.75,50,-7.5,7.5,7700,28.2,3.662337662
TE,18.25,11.66666667,2,2,38,2,31,30,23,53,7,7,7300,26.7,3.657534247
WR,35,42.33333333,7,2,13,12,113,25.75,18.75,44.5,7,7,7000,25.6,3.657142857
RB,24.5,18.66666667,20,26,42,14,16,29.25,14.75,44,14.5,14.5,8000,29.2,3.65
QB,17.47623698,16.6890191,22.19954427,25,21,22,6,20.5,21.5,42,-1,1,4500,16.42,3.648888889
RB,37.5,28,32.5,40,66,25,19,23.75,30.75,54.5,-7,7,5400,19.7,3.648148148
TE,14,15.66666667,8,6,9,10,31,18.5,22.5,41,-4,4,5400,19.7,3.648148148
RB,41.75,33.66666667,49,59,66,39,3,27,17,44,10,10,3100,11.3,3.64516129
WR,58.5,46.33333333,62,73,95,51,15,23,27,50,-4,4,4200,15.3,3.642857143
WR,54,49.66666667,58.5,62,67,55,32,15.25,24.75,40,-9.5,9.5,6000,21.82,3.636666667
TE,15.25,17.33333333,9.5,7,9,12,33,19.25,30.25,49.5,-11,11,5500,20,3.636363636
QB,18.8956044,14.91758242,21.87912088,29,31,15,1,22.75,16.25,39,6.5,6.5,6200,22.54,3.635483871
WR,76,80,107,107,64,107,26,21,26.5,47.5,-5.5,5.5,3000,10.9,3.633333333
RB,21.75,21.66666667,9,7,22,11,47,21.25,20.25,41.5,1,1,7600,27.6,3.631578947
WR,48,36,47.5,56,84,39,13,21.5,25,46.5,-3.5,3.5,6400,23.2,3.625
WR,34,32,2.5,2,40,3,91,29,25.5,54.5,3.5,3.5,6900,25,3.623188406
QB,8.967391304,11.08695652,5.869565217,9,4,9,33,34.5,12,46.5,22.5,22.5,6500,23.54,3.621538462
WR,36.5,30,12.5,12,56,13,65,19.25,19.25,38.5,0,0,5500,19.8,3.6
RB,28,26.66666667,14,13,32,15,52,25.75,22.25,48,3.5,3.5,5400,19.4,3.592592593
WR,37,42,7,2,22,12,112,34.5,12,46.5,22.5,22.5,7500,26.8,3.573333333
WR,44.75,56.33333333,45.5,38,10,53,78,23.5,22,45.5,1.5,1.5,4200,15,3.571428571
WR,61.25,50.66666667,73.5,84,93,63,5,19.5,23,42.5,-3.5,3.5,4400,15.7,3.568181818
QB,16.41741071,14.72591991,7.163961039,5,18,7,25,19.25,21.75,41,-2.5,2.5,5600,19.96,3.564285714
RB,30.25,30.66666667,12.5,8,29,17,67,27.75,23.25,51,4.5,4.5,6600,23.5,3.560606061
QB,20.12199599,21.5740988,25.30807744,30,19,31,17,26.75,24.25,51,2.5,2.5,5500,19.56,3.556363636
RB,31.25,20,13,15,65,11,34,24.25,19.25,43.5,5,5,8400,29.8,3.547619048
WR,52.75,60,45,37,31,53,90,23,30,53,-7,7,4400,15.6,3.545454545
QB,27.93962585,31.8276644,31.46598639,24,15,34,30,21,26.5,47.5,-5.5,5.5,5000,17.72,3.544
QB,16.73630137,21.90182648,14.25684932,4,1,19,30,18.25,22.75,41,-4.5,4.5,6000,21.26,3.543333333
RB,32.25,27,19,20,48,18,43,15.75,26.25,42,-10.5,10.5,6100,21.6,3.540983607
RB,32,21,4,3,65,5,55,21.5,23.5,45,-2,2,8700,30.8,3.540229885
TE,16.5,12,15.5,20,30,11,5,24.75,21.75,46.5,3,3,3200,11.3,3.53125
WR,43.75,35,36.5,42,70,31,32,21.25,27.25,48.5,-6,6,6600,23.3,3.53030303
RB,42.5,40.66666667,48.5,50,48,47,25,28.25,23.75,52,4.5,4.5,3800,13.4,3.526315789
QB,23.25555556,19.42222222,28.62222222,34,34,22,1,22.5,19.5,42,3,3,5000,17.62,3.524
WR,47,35,50.5,64,83,37,4,21.5,29.5,51,-8,8,4200,14.8,3.523809524
WR,63.75,50,68,82,105,54,14,23.25,24.75,48,-1.5,1.5,3900,13.7,3.512820513
WR,52.25,57.33333333,55.5,51,37,60,61,29.5,12.5,42,17,17,5500,19.3,3.509090909
RB,23.25,16.33333333,10,11,44,9,29,28.5,17.5,46,11,11,8100,28.4,3.50617284
QB,13.53515625,11.25,12.65625,21,29,15,12,32,11,43,21,21,6600,23.14,3.506060606
RB,24,12.5,13,57,12,47,26.25,17.25,43.5,9,9,3.5,7800,27.3,3.5
